2025-09-29 01:11:06 [restartedMain] INFO  com.motmap.MotmapApplication - Starting MotmapApplication using Java 17.0.12 with PID 7076 (C:\Coding\MOTMAP\build\classes\java\main started by ASUS in C:\Coding\MOTMAP)
2025-09-29 01:11:06 [restartedMain] DEBUG com.motmap.MotmapApplication - Running with Spring Boot v3.2.0, Spring v6.1.1
2025-09-29 01:11:06 [restartedMain] INFO  com.motmap.MotmapApplication - No active profile set, falling back to 1 default profile: "default"
2025-09-29 01:11:06 [restartedMain] INFO  o.s.b.d.e.DevToolsPropertyDefaultsPostProcessor - Devtools property defaults active! Set 'spring.devtools.add-properties' to 'false' to disable
2025-09-29 01:11:06 [restartedMain] INFO  o.s.b.d.e.DevToolsPropertyDefaultsPostProcessor - For additional web related logging consider setting the 'logging.level.web' property to 'DEBUG'
2025-09-29 01:11:07 [restartedMain] INFO  o.s.d.r.c.RepositoryConfigurationDelegate - Bootstrapping Spring Data JPA repositories in DEFAULT mode.
2025-09-29 01:11:07 [restartedMain] INFO  o.s.d.r.c.RepositoryConfigurationDelegate - Finished Spring Data repository scanning in 73 ms. Found 1 JPA repository interface.
2025-09-29 01:11:08 [restartedMain] INFO  o.s.b.w.e.tomcat.TomcatWebServer - Tomcat initialized with port 8080 (http)
2025-09-29 01:11:08 [restartedMain] INFO  o.a.catalina.core.StandardService - Starting service [Tomcat]
2025-09-29 01:11:08 [restartedMain] INFO  o.a.catalina.core.StandardEngine - Starting Servlet engine: [Apache Tomcat/10.1.16]
2025-09-29 01:11:08 [restartedMain] INFO  o.a.c.c.C.[Tomcat].[localhost].[/] - Initializing Spring embedded WebApplicationContext
2025-09-29 01:11:08 [restartedMain] INFO  o.s.b.w.s.c.ServletWebServerApplicationContext - Root WebApplicationContext: initialization completed in 1907 ms
2025-09-29 01:11:08 [restartedMain] INFO  com.zaxxer.hikari.HikariDataSource - HikariPool-1 - Starting...
2025-09-29 01:11:08 [restartedMain] INFO  com.zaxxer.hikari.pool.HikariPool - HikariPool-1 - Added connection conn0: url=jdbc:h2:mem:motmap user=SA
2025-09-29 01:11:08 [restartedMain] INFO  com.zaxxer.hikari.HikariDataSource - HikariPool-1 - Start completed.
2025-09-29 01:11:08 [restartedMain] INFO  o.s.b.a.h.H2ConsoleAutoConfiguration - H2 console available at '/h2-console'. Database available at 'jdbc:h2:mem:motmap'
2025-09-29 01:11:08 [restartedMain] INFO  o.h.jpa.internal.util.LogHelper - HHH000204: Processing PersistenceUnitInfo [name: default]
2025-09-29 01:11:09 [restartedMain] INFO  org.hibernate.Version - HHH000412: Hibernate ORM core version 6.3.1.Final
2025-09-29 01:11:09 [restartedMain] INFO  o.h.c.i.RegionFactoryInitiator - HHH000026: Second-level cache disabled
2025-09-29 01:11:09 [restartedMain] INFO  o.s.o.j.p.SpringPersistenceUnitInfo - No LoadTimeWeaver setup: ignoring JPA class transformer
2025-09-29 01:11:09 [restartedMain] WARN  org.hibernate.orm.deprecation - HHH90000025: H2Dialect does not need to be specified explicitly using 'hibernate.dialect' (remove the property setting and it will be selected by default)
2025-09-29 01:11:10 [restartedMain] INFO  o.h.e.t.j.p.i.JtaPlatformInitiator - HHH000489: No JTA platform available (set 'hibernate.transaction.jta.platform' to enable JTA platform integration)
2025-09-29 01:11:10 [restartedMain] DEBUG org.hibernate.SQL - 
    drop table if exists restaurants cascade 
2025-09-29 01:11:10 [restartedMain] DEBUG org.hibernate.SQL - 
    create table restaurants (
        latitude float(53) not null,
        longitude float(53) not null,
        rating integer not null,
        created_at timestamp(6) not null,
        id bigint generated by default as identity,
        updated_at timestamp(6),
        review varchar(1000),
        address varchar(255) not null,
        category varchar(255) not null check (category in ('KOREAN','CHINESE','JAPANESE','WESTERN','CAFE','ETC')),
        name varchar(255) not null,
        primary key (id)
    )
2025-09-29 01:11:10 [restartedMain] DEBUG org.hibernate.SQL - 
    create index idx_restaurant_category 
       on restaurants (category)
2025-09-29 01:11:10 [restartedMain] DEBUG org.hibernate.SQL - 
    create index idx_restaurant_rating 
       on restaurants (rating)
2025-09-29 01:11:10 [restartedMain] DEBUG org.hibernate.SQL - 
    create index idx_restaurant_location 
       on restaurants (latitude, longitude)
2025-09-29 01:11:10 [restartedMain] DEBUG org.hibernate.SQL - 
    create index idx_restaurant_created_at 
       on restaurants (created_at)
2025-09-29 01:11:10 [restartedMain] INFO  o.s.o.j.LocalContainerEntityManagerFactoryBean - Initialized JPA EntityManagerFactory for persistence unit 'default'
2025-09-29 01:11:10 [restartedMain] INFO  o.s.d.j.r.query.QueryEnhancerFactory - Hibernate is in classpath; If applicable, HQL parser will be used.
2025-09-29 01:11:11 [restartedMain] WARN  o.s.b.a.o.j.JpaBaseConfiguration$JpaWebConfiguration - spring.jpa.open-in-view is enabled by default. Therefore, database queries may be performed during view rendering. Explicitly configure spring.jpa.open-in-view to disable this warning
2025-09-29 01:11:11 [restartedMain] INFO  o.s.b.a.w.s.WelcomePageHandlerMapping - Adding welcome page template: index
2025-09-29 01:11:11 [restartedMain] DEBUG o.s.w.s.m.m.a.RequestMappingHandlerMapping - 15 mappings in 'requestMappingHandlerMapping'
2025-09-29 01:11:11 [restartedMain] DEBUG o.s.w.s.h.SimpleUrlHandlerMapping - Patterns [/webjars/**, /**] in 'resourceHandlerMapping'
2025-09-29 01:11:11 [restartedMain] DEBUG o.s.w.s.m.m.a.RequestMappingHandlerAdapter - ControllerAdvice beans: 0 @ModelAttribute, 0 @InitBinder, 1 RequestBodyAdvice, 1 ResponseBodyAdvice
2025-09-29 01:11:11 [restartedMain] DEBUG o.s.w.s.m.m.a.ExceptionHandlerExceptionResolver - ControllerAdvice beans: 1 @ExceptionHandler, 1 ResponseBodyAdvice
2025-09-29 01:11:11 [restartedMain] INFO  o.s.b.d.a.OptionalLiveReloadServer - LiveReload server is running on port 35729
2025-09-29 01:11:11 [restartedMain] INFO  o.s.b.w.e.tomcat.TomcatWebServer - Tomcat started on port 8080 (http) with context path ''
2025-09-29 01:11:11 [restartedMain] INFO  com.motmap.MotmapApplication - Started MotmapApplication in 5.784 seconds (process running for 6.244)
2025-09-29 01:11:11 [restartedMain] DEBUG org.hibernate.SQL - 
    select
        count(*) 
    from
        restaurants r1_0
2025-09-29 01:11:12 [restartedMain] DEBUG org.hibernate.SQL - 
    insert 
    into
        restaurants
        (address, category, created_at, latitude, longitude, name, rating, review, updated_at, id) 
    values
        (?, ?, ?, ?, ?, ?, ?, ?, ?, default)
2025-09-29 01:11:12 [restartedMain] DEBUG org.hibernate.SQL - 
    insert 
    into
        restaurants
        (address, category, created_at, latitude, longitude, name, rating, review, updated_at, id) 
    values
        (?, ?, ?, ?, ?, ?, ?, ?, ?, default)
2025-09-29 01:11:12 [restartedMain] DEBUG org.hibernate.SQL - 
    insert 
    into
        restaurants
        (address, category, created_at, latitude, longitude, name, rating, review, updated_at, id) 
    values
        (?, ?, ?, ?, ?, ?, ?, ?, ?, default)
2025-09-29 01:11:12 [restartedMain] DEBUG org.hibernate.SQL - 
    insert 
    into
        restaurants
        (address, category, created_at, latitude, longitude, name, rating, review, updated_at, id) 
    values
        (?, ?, ?, ?, ?, ?, ?, ?, ?, default)
2025-09-29 01:11:12 [restartedMain] DEBUG org.hibernate.SQL - 
    insert 
    into
        restaurants
        (address, category, created_at, latitude, longitude, name, rating, review, updated_at, id) 
    values
        (?, ?, ?, ?, ?, ?, ?, ?, ?, default)
2025-09-29 01:11:15 [http-nio-8080-exec-1] INFO  o.a.c.c.C.[Tomcat].[localhost].[/] - Initializing Spring DispatcherServlet 'dispatcherServlet'
2025-09-29 01:11:15 [http-nio-8080-exec-1] INFO  o.s.web.servlet.DispatcherServlet - Initializing Servlet 'dispatcherServlet'
2025-09-29 01:11:15 [http-nio-8080-exec-1] DEBUG o.s.web.servlet.DispatcherServlet - Detected StandardServletMultipartResolver
2025-09-29 01:11:15 [http-nio-8080-exec-1] DEBUG o.s.web.servlet.DispatcherServlet - Detected AcceptHeaderLocaleResolver
2025-09-29 01:11:15 [http-nio-8080-exec-1] DEBUG o.s.web.servlet.DispatcherServlet - Detected FixedThemeResolver
2025-09-29 01:11:15 [http-nio-8080-exec-1] DEBUG o.s.web.servlet.DispatcherServlet - Detected org.springframework.web.servlet.view.DefaultRequestToViewNameTranslator@3ff8b1b
2025-09-29 01:11:15 [http-nio-8080-exec-1] DEBUG o.s.web.servlet.DispatcherServlet - Detected org.springframework.web.servlet.support.SessionFlashMapManager@4cca4c5b
2025-09-29 01:11:15 [http-nio-8080-exec-1] DEBUG o.s.web.servlet.DispatcherServlet - enableLoggingRequestDetails='false': request parameters and headers will be masked to prevent unsafe logging of potentially sensitive data
2025-09-29 01:11:15 [http-nio-8080-exec-1] INFO  o.s.web.servlet.DispatcherServlet - Completed initialization in 3 ms
2025-09-29 01:11:15 [http-nio-8080-exec-1] DEBUG o.s.web.servlet.DispatcherServlet - GET "/swagger-ui/index.html", parameters={}
2025-09-29 01:11:15 [http-nio-8080-exec-1] DEBUG o.s.w.s.h.SimpleUrlHandlerMapping - Mapped to ResourceHttpRequestHandler [classpath [META-INF/resources/], classpath [resources/], classpath [static/], classpath [public/], ServletContext [/]]
2025-09-29 01:11:15 [http-nio-8080-exec-1] DEBUG o.s.w.s.r.ResourceHttpRequestHandler - Resource not found
2025-09-29 01:11:15 [http-nio-8080-exec-1] DEBUG o.s.w.s.m.m.a.ExceptionHandlerExceptionResolver - Using @ExceptionHandler com.motmap.exception.GlobalExceptionHandler#handleGenericError(Exception)
2025-09-29 01:11:15 [http-nio-8080-exec-1] DEBUG o.s.w.s.m.m.a.HttpEntityMethodProcessor - Using 'application/json;q=0.8', given [text/html, application/xhtml+xml, image/avif, image/webp, image/apng, application/xml;q=0.9, */*;q=0.8, application/signed-exchange;v=b3;q=0.7] and supported [application/json, application/*+json]
2025-09-29 01:11:15 [http-nio-8080-exec-1] DEBUG o.s.w.s.m.m.a.HttpEntityMethodProcessor - Writing [{error=INTERNAL_ERROR, message=서버 내부 오류가 발생했습니다., status=500}]
2025-09-29 01:11:15 [http-nio-8080-exec-1] WARN  o.s.w.s.m.m.a.ExceptionHandlerExceptionResolver - Resolved [org.springframework.web.servlet.resource.NoResourceFoundException: No static resource swagger-ui/index.html.]
2025-09-29 01:11:15 [http-nio-8080-exec-1] DEBUG o.s.web.servlet.DispatcherServlet - Completed 500 INTERNAL_SERVER_ERROR
2025-09-29 01:11:16 [http-nio-8080-exec-2] DEBUG o.s.web.servlet.DispatcherServlet - GET "/favicon.ico", parameters={}
2025-09-29 01:11:16 [http-nio-8080-exec-2] DEBUG o.s.w.s.h.SimpleUrlHandlerMapping - Mapped to ResourceHttpRequestHandler [classpath [META-INF/resources/], classpath [resources/], classpath [static/], classpath [public/], ServletContext [/]]
2025-09-29 01:11:16 [http-nio-8080-exec-2] DEBUG o.s.w.s.r.ResourceHttpRequestHandler - Resource not found
2025-09-29 01:11:16 [http-nio-8080-exec-2] DEBUG o.s.w.s.m.m.a.ExceptionHandlerExceptionResolver - Using @ExceptionHandler com.motmap.exception.GlobalExceptionHandler#handleGenericError(Exception)
2025-09-29 01:11:16 [http-nio-8080-exec-2] DEBUG o.s.w.s.m.m.a.HttpEntityMethodProcessor - Using 'application/json;q=0.8', given [image/avif, image/webp, image/apng, image/svg+xml, image/*, */*;q=0.8] and supported [application/json, application/*+json]
2025-09-29 01:11:16 [http-nio-8080-exec-2] DEBUG o.s.w.s.m.m.a.HttpEntityMethodProcessor - Writing [{error=INTERNAL_ERROR, message=서버 내부 오류가 발생했습니다., status=500}]
2025-09-29 01:11:16 [http-nio-8080-exec-2] WARN  o.s.w.s.m.m.a.ExceptionHandlerExceptionResolver - Resolved [org.springframework.web.servlet.resource.NoResourceFoundException: No static resource favicon.ico.]
2025-09-29 01:11:16 [http-nio-8080-exec-2] DEBUG o.s.web.servlet.DispatcherServlet - Completed 500 INTERNAL_SERVER_ERROR
2025-09-29 01:11:33 [http-nio-8080-exec-3] DEBUG o.s.web.servlet.DispatcherServlet - GET "/", parameters={}
2025-09-29 01:11:33 [http-nio-8080-exec-3] DEBUG o.s.w.s.m.m.a.RequestMappingHandlerMapping - Mapped to com.motmap.controller.ViewController#index()
2025-09-29 01:11:33 [http-nio-8080-exec-3] DEBUG o.s.w.s.v.ContentNegotiatingViewResolver - Selected 'text/html' given [text/html, application/xhtml+xml, image/avif, image/webp, image/apng, application/xml;q=0.9, */*;q=0.8, application/signed-exchange;v=b3;q=0.7]
2025-09-29 01:11:33 [http-nio-8080-exec-3] DEBUG o.s.web.servlet.DispatcherServlet - Completed 200 OK
2025-09-29 01:11:33 [http-nio-8080-exec-4] DEBUG o.s.web.servlet.DispatcherServlet - GET "/css/style.css", parameters={}
2025-09-29 01:11:33 [http-nio-8080-exec-4] DEBUG o.s.w.s.h.SimpleUrlHandlerMapping - Mapped to ResourceHttpRequestHandler [classpath [META-INF/resources/], classpath [resources/], classpath [static/], classpath [public/], ServletContext [/]]
2025-09-29 01:11:33 [http-nio-8080-exec-5] DEBUG o.s.web.servlet.DispatcherServlet - GET "/js/api.js", parameters={}
2025-09-29 01:11:33 [http-nio-8080-exec-7] DEBUG o.s.web.servlet.DispatcherServlet - GET "/js/restaurant.js", parameters={}
2025-09-29 01:11:33 [http-nio-8080-exec-6] DEBUG o.s.web.servlet.DispatcherServlet - GET "/js/map.js", parameters={}
2025-09-29 01:11:33 [http-nio-8080-exec-8] DEBUG o.s.web.servlet.DispatcherServlet - GET "/js/main.js", parameters={}
2025-09-29 01:11:33 [http-nio-8080-exec-7] DEBUG o.s.w.s.h.SimpleUrlHandlerMapping - Mapped to ResourceHttpRequestHandler [classpath [META-INF/resources/], classpath [resources/], classpath [static/], classpath [public/], ServletContext [/]]
2025-09-29 01:11:33 [http-nio-8080-exec-8] DEBUG o.s.w.s.h.SimpleUrlHandlerMapping - Mapped to ResourceHttpRequestHandler [classpath [META-INF/resources/], classpath [resources/], classpath [static/], classpath [public/], ServletContext [/]]
2025-09-29 01:11:33 [http-nio-8080-exec-5] DEBUG o.s.w.s.h.SimpleUrlHandlerMapping - Mapped to ResourceHttpRequestHandler [classpath [META-INF/resources/], classpath [resources/], classpath [static/], classpath [public/], ServletContext [/]]
2025-09-29 01:11:33 [http-nio-8080-exec-6] DEBUG o.s.w.s.h.SimpleUrlHandlerMapping - Mapped to ResourceHttpRequestHandler [classpath [META-INF/resources/], classpath [resources/], classpath [static/], classpath [public/], ServletContext [/]]
2025-09-29 01:11:33 [http-nio-8080-exec-4] DEBUG o.s.web.servlet.DispatcherServlet - Completed 200 OK
2025-09-29 01:11:33 [http-nio-8080-exec-5] DEBUG o.s.web.servlet.DispatcherServlet - Completed 200 OK
2025-09-29 01:11:33 [http-nio-8080-exec-6] DEBUG o.s.web.servlet.DispatcherServlet - Completed 200 OK
2025-09-29 01:11:33 [http-nio-8080-exec-8] DEBUG o.s.web.servlet.DispatcherServlet - Completed 200 OK
2025-09-29 01:11:33 [http-nio-8080-exec-7] DEBUG o.s.web.servlet.DispatcherServlet - Completed 200 OK
2025-09-29 01:11:33 [http-nio-8080-exec-9] DEBUG o.s.web.servlet.DispatcherServlet - GET "/api/restaurants", parameters={}
2025-09-29 01:11:33 [http-nio-8080-exec-9] DEBUG o.s.w.s.m.m.a.RequestMappingHandlerMapping - Mapped to com.motmap.controller.RestaurantController#getAllRestaurants()
2025-09-29 01:11:33 [http-nio-8080-exec-9] DEBUG org.hibernate.SQL - 
    select
        r1_0.id,
        r1_0.address,
        r1_0.category,
        r1_0.created_at,
        r1_0.latitude,
        r1_0.longitude,
        r1_0.name,
        r1_0.rating,
        r1_0.review,
        r1_0.updated_at 
    from
        restaurants r1_0
2025-09-29 01:11:33 [http-nio-8080-exec-10] DEBUG o.s.web.servlet.DispatcherServlet - GET "/favicon.ico", parameters={}
2025-09-29 01:11:33 [http-nio-8080-exec-10] DEBUG o.s.w.s.h.SimpleUrlHandlerMapping - Mapped to ResourceHttpRequestHandler [classpath [META-INF/resources/], classpath [resources/], classpath [static/], classpath [public/], ServletContext [/]]
2025-09-29 01:11:33 [http-nio-8080-exec-9] DEBUG o.s.w.s.m.m.a.HttpEntityMethodProcessor - Using 'application/json', given [*/*] and supported [application/json, application/*+json]
2025-09-29 01:11:33 [http-nio-8080-exec-9] DEBUG o.s.w.s.m.m.a.HttpEntityMethodProcessor - Writing [[com.motmap.dto.RestaurantResponseDto@570378d9, com.motmap.dto.RestaurantResponseDto@3cc19220, com.m (truncated)...]
2025-09-29 01:11:33 [http-nio-8080-exec-10] DEBUG o.s.w.s.r.ResourceHttpRequestHandler - Resource not found
2025-09-29 01:11:33 [http-nio-8080-exec-10] DEBUG o.s.w.s.m.m.a.ExceptionHandlerExceptionResolver - Using @ExceptionHandler com.motmap.exception.GlobalExceptionHandler#handleGenericError(Exception)
2025-09-29 01:11:33 [http-nio-8080-exec-10] DEBUG o.s.w.s.m.m.a.HttpEntityMethodProcessor - Using 'application/json;q=0.8', given [image/avif, image/webp, image/apng, image/svg+xml, image/*, */*;q=0.8] and supported [application/json, application/*+json]
2025-09-29 01:11:33 [http-nio-8080-exec-10] DEBUG o.s.w.s.m.m.a.HttpEntityMethodProcessor - Writing [{error=INTERNAL_ERROR, message=서버 내부 오류가 발생했습니다., status=500}]
2025-09-29 01:11:33 [http-nio-8080-exec-10] WARN  o.s.w.s.m.m.a.ExceptionHandlerExceptionResolver - Resolved [org.springframework.web.servlet.resource.NoResourceFoundException: No static resource favicon.ico.]
2025-09-29 01:11:33 [http-nio-8080-exec-10] DEBUG o.s.web.servlet.DispatcherServlet - Completed 500 INTERNAL_SERVER_ERROR
2025-09-29 01:11:33 [http-nio-8080-exec-9] DEBUG o.s.web.servlet.DispatcherServlet - Completed 200 OK
2025-09-29 01:11:36 [http-nio-8080-exec-1] DEBUG o.s.web.servlet.DispatcherServlet - GET "/api/restaurants/category/KOREAN", parameters={}
2025-09-29 01:11:36 [http-nio-8080-exec-1] DEBUG o.s.w.s.m.m.a.RequestMappingHandlerMapping - Mapped to com.motmap.controller.RestaurantController#getRestaurantsByCategory(Category)
2025-09-29 01:11:36 [http-nio-8080-exec-1] DEBUG org.hibernate.SQL - 
    select
        r1_0.id,
        r1_0.address,
        r1_0.category,
        r1_0.created_at,
        r1_0.latitude,
        r1_0.longitude,
        r1_0.name,
        r1_0.rating,
        r1_0.review,
        r1_0.updated_at 
    from
        restaurants r1_0 
    where
        r1_0.category=?
2025-09-29 01:11:36 [http-nio-8080-exec-1] DEBUG o.s.w.s.m.m.a.HttpEntityMethodProcessor - Using 'application/json', given [*/*] and supported [application/json, application/*+json]
2025-09-29 01:11:36 [http-nio-8080-exec-1] DEBUG o.s.w.s.m.m.a.HttpEntityMethodProcessor - Writing [[com.motmap.dto.RestaurantResponseDto@1976a1de, com.motmap.dto.RestaurantResponseDto@62872168]]
2025-09-29 01:11:36 [http-nio-8080-exec-1] DEBUG o.s.web.servlet.DispatcherServlet - Completed 200 OK
2025-09-29 01:11:39 [http-nio-8080-exec-2] DEBUG o.s.web.servlet.DispatcherServlet - GET "/api/restaurants/category/KOREAN", parameters={}
2025-09-29 01:11:39 [http-nio-8080-exec-2] DEBUG o.s.w.s.m.m.a.RequestMappingHandlerMapping - Mapped to com.motmap.controller.RestaurantController#getRestaurantsByCategory(Category)
2025-09-29 01:11:39 [http-nio-8080-exec-2] DEBUG org.hibernate.SQL - 
    select
        r1_0.id,
        r1_0.address,
        r1_0.category,
        r1_0.created_at,
        r1_0.latitude,
        r1_0.longitude,
        r1_0.name,
        r1_0.rating,
        r1_0.review,
        r1_0.updated_at 
    from
        restaurants r1_0 
    where
        r1_0.category=?
2025-09-29 01:11:39 [http-nio-8080-exec-2] DEBUG o.s.w.s.m.m.a.HttpEntityMethodProcessor - Using 'application/json', given [*/*] and supported [application/json, application/*+json]
2025-09-29 01:11:39 [http-nio-8080-exec-2] DEBUG o.s.w.s.m.m.a.HttpEntityMethodProcessor - Writing [[com.motmap.dto.RestaurantResponseDto@2e860862, com.motmap.dto.RestaurantResponseDto@3134b25e]]
2025-09-29 01:11:39 [http-nio-8080-exec-2] DEBUG o.s.web.servlet.DispatcherServlet - Completed 200 OK
2025-09-29 01:11:46 [http-nio-8080-exec-3] DEBUG o.s.web.servlet.DispatcherServlet - GET "/api/restaurants/search?keyword=%EC%8A%A4%ED%83%80%EB%B2%85%EC%8A%A4", parameters={masked}
2025-09-29 01:11:46 [http-nio-8080-exec-3] DEBUG o.s.w.s.m.m.a.RequestMappingHandlerMapping - Mapped to com.motmap.controller.RestaurantController#searchRestaurants(String)
2025-09-29 01:11:46 [http-nio-8080-exec-3] DEBUG org.hibernate.SQL - 
    select
        r1_0.id,
        r1_0.address,
        r1_0.category,
        r1_0.created_at,
        r1_0.latitude,
        r1_0.longitude,
        r1_0.name,
        r1_0.rating,
        r1_0.review,
        r1_0.updated_at 
    from
        restaurants r1_0 
    where
        lower(r1_0.name) like lower(('%'||?||'%')) escape '' 
        or lower(r1_0.address) like lower(('%'||?||'%')) escape '' 
        or lower(r1_0.review) like lower(('%'||?||'%')) escape ''
2025-09-29 01:11:46 [http-nio-8080-exec-3] DEBUG o.s.w.s.m.m.a.HttpEntityMethodProcessor - Using 'application/json', given [*/*] and supported [application/json, application/*+json]
2025-09-29 01:11:46 [http-nio-8080-exec-3] DEBUG o.s.w.s.m.m.a.HttpEntityMethodProcessor - Writing [[com.motmap.dto.RestaurantResponseDto@97d4d61]]
2025-09-29 01:11:46 [http-nio-8080-exec-3] DEBUG o.s.web.servlet.DispatcherServlet - Completed 200 OK
2025-09-29 01:18:25 [restartedMain] INFO  com.motmap.MotmapApplication - Starting MotmapApplication using Java 17.0.12 with PID 29996 (C:\Coding\MOTMAP\build\classes\java\main started by ASUS in C:\Coding\MOTMAP)
2025-09-29 01:18:25 [restartedMain] DEBUG com.motmap.MotmapApplication - Running with Spring Boot v3.2.0, Spring v6.1.1
2025-09-29 01:18:25 [restartedMain] INFO  com.motmap.MotmapApplication - No active profile set, falling back to 1 default profile: "default"
2025-09-29 01:18:26 [restartedMain] INFO  o.s.b.d.e.DevToolsPropertyDefaultsPostProcessor - Devtools property defaults active! Set 'spring.devtools.add-properties' to 'false' to disable
2025-09-29 01:18:26 [restartedMain] INFO  o.s.b.d.e.DevToolsPropertyDefaultsPostProcessor - For additional web related logging consider setting the 'logging.level.web' property to 'DEBUG'
2025-09-29 01:18:26 [restartedMain] INFO  o.s.d.r.c.RepositoryConfigurationDelegate - Bootstrapping Spring Data JPA repositories in DEFAULT mode.
2025-09-29 01:18:27 [restartedMain] INFO  o.s.d.r.c.RepositoryConfigurationDelegate - Finished Spring Data repository scanning in 80 ms. Found 1 JPA repository interface.
2025-09-29 01:18:27 [restartedMain] INFO  o.s.b.w.e.tomcat.TomcatWebServer - Tomcat initialized with port 8080 (http)
2025-09-29 01:18:27 [restartedMain] INFO  o.a.catalina.core.StandardService - Starting service [Tomcat]
2025-09-29 01:18:27 [restartedMain] INFO  o.a.catalina.core.StandardEngine - Starting Servlet engine: [Apache Tomcat/10.1.16]
2025-09-29 01:18:28 [restartedMain] INFO  o.a.c.c.C.[Tomcat].[localhost].[/] - Initializing Spring embedded WebApplicationContext
2025-09-29 01:18:28 [restartedMain] INFO  o.s.b.w.s.c.ServletWebServerApplicationContext - Root WebApplicationContext: initialization completed in 2034 ms
2025-09-29 01:18:28 [restartedMain] INFO  com.zaxxer.hikari.HikariDataSource - HikariPool-1 - Starting...
2025-09-29 01:18:28 [restartedMain] INFO  com.zaxxer.hikari.pool.HikariPool - HikariPool-1 - Added connection conn0: url=jdbc:h2:mem:motmap user=SA
2025-09-29 01:18:28 [restartedMain] INFO  com.zaxxer.hikari.HikariDataSource - HikariPool-1 - Start completed.
2025-09-29 01:18:28 [restartedMain] INFO  o.s.b.a.h.H2ConsoleAutoConfiguration - H2 console available at '/h2-console'. Database available at 'jdbc:h2:mem:motmap'
2025-09-29 01:18:28 [restartedMain] INFO  o.h.jpa.internal.util.LogHelper - HHH000204: Processing PersistenceUnitInfo [name: default]
2025-09-29 01:18:28 [restartedMain] INFO  org.hibernate.Version - HHH000412: Hibernate ORM core version 6.3.1.Final
2025-09-29 01:18:28 [restartedMain] INFO  o.h.c.i.RegionFactoryInitiator - HHH000026: Second-level cache disabled
2025-09-29 01:18:28 [restartedMain] INFO  o.s.o.j.p.SpringPersistenceUnitInfo - No LoadTimeWeaver setup: ignoring JPA class transformer
2025-09-29 01:18:28 [restartedMain] WARN  org.hibernate.orm.deprecation - HHH90000025: H2Dialect does not need to be specified explicitly using 'hibernate.dialect' (remove the property setting and it will be selected by default)
2025-09-29 01:18:29 [restartedMain] INFO  o.h.e.t.j.p.i.JtaPlatformInitiator - HHH000489: No JTA platform available (set 'hibernate.transaction.jta.platform' to enable JTA platform integration)
2025-09-29 01:18:29 [restartedMain] DEBUG org.hibernate.SQL - 
    drop table if exists restaurants cascade 
2025-09-29 01:18:29 [restartedMain] DEBUG org.hibernate.SQL - 
    create table restaurants (
        latitude float(53) not null,
        longitude float(53) not null,
        rating integer not null,
        created_at timestamp(6) not null,
        id bigint generated by default as identity,
        updated_at timestamp(6),
        review varchar(1000),
        address varchar(255) not null,
        category varchar(255) not null check (category in ('KOREAN','CHINESE','JAPANESE','WESTERN','CAFE','ETC')),
        name varchar(255) not null,
        primary key (id)
    )
2025-09-29 01:18:29 [restartedMain] DEBUG org.hibernate.SQL - 
    create index idx_restaurant_category 
       on restaurants (category)
2025-09-29 01:18:29 [restartedMain] DEBUG org.hibernate.SQL - 
    create index idx_restaurant_rating 
       on restaurants (rating)
2025-09-29 01:18:29 [restartedMain] DEBUG org.hibernate.SQL - 
    create index idx_restaurant_location 
       on restaurants (latitude, longitude)
2025-09-29 01:18:29 [restartedMain] DEBUG org.hibernate.SQL - 
    create index idx_restaurant_created_at 
       on restaurants (created_at)
2025-09-29 01:18:29 [restartedMain] INFO  o.s.o.j.LocalContainerEntityManagerFactoryBean - Initialized JPA EntityManagerFactory for persistence unit 'default'
2025-09-29 01:18:30 [restartedMain] INFO  o.s.d.j.r.query.QueryEnhancerFactory - Hibernate is in classpath; If applicable, HQL parser will be used.
2025-09-29 01:18:30 [restartedMain] WARN  o.s.b.a.o.j.JpaBaseConfiguration$JpaWebConfiguration - spring.jpa.open-in-view is enabled by default. Therefore, database queries may be performed during view rendering. Explicitly configure spring.jpa.open-in-view to disable this warning
2025-09-29 01:18:30 [restartedMain] INFO  o.s.b.a.w.s.WelcomePageHandlerMapping - Adding welcome page template: index
2025-09-29 01:18:30 [restartedMain] DEBUG o.s.w.s.m.m.a.RequestMappingHandlerMapping - 15 mappings in 'requestMappingHandlerMapping'
2025-09-29 01:18:31 [restartedMain] DEBUG o.s.w.s.h.SimpleUrlHandlerMapping - Patterns [/webjars/**, /**] in 'resourceHandlerMapping'
2025-09-29 01:18:31 [restartedMain] DEBUG o.s.w.s.m.m.a.RequestMappingHandlerAdapter - ControllerAdvice beans: 0 @ModelAttribute, 0 @InitBinder, 1 RequestBodyAdvice, 1 ResponseBodyAdvice
2025-09-29 01:18:31 [restartedMain] DEBUG o.s.w.s.m.m.a.ExceptionHandlerExceptionResolver - ControllerAdvice beans: 1 @ExceptionHandler, 1 ResponseBodyAdvice
2025-09-29 01:18:31 [restartedMain] INFO  o.s.b.d.a.OptionalLiveReloadServer - LiveReload server is running on port 35729
2025-09-29 01:18:31 [restartedMain] INFO  o.s.b.w.e.tomcat.TomcatWebServer - Tomcat started on port 8080 (http) with context path ''
2025-09-29 01:18:31 [restartedMain] INFO  com.motmap.MotmapApplication - Started MotmapApplication in 6.018 seconds (process running for 6.54)
2025-09-29 01:18:31 [restartedMain] DEBUG org.hibernate.SQL - 
    select
        count(*) 
    from
        restaurants r1_0
2025-09-29 01:18:31 [restartedMain] DEBUG org.hibernate.SQL - 
    insert 
    into
        restaurants
        (address, category, created_at, latitude, longitude, name, rating, review, updated_at, id) 
    values
        (?, ?, ?, ?, ?, ?, ?, ?, ?, default)
2025-09-29 01:18:31 [restartedMain] DEBUG org.hibernate.SQL - 
    insert 
    into
        restaurants
        (address, category, created_at, latitude, longitude, name, rating, review, updated_at, id) 
    values
        (?, ?, ?, ?, ?, ?, ?, ?, ?, default)
2025-09-29 01:18:31 [restartedMain] DEBUG org.hibernate.SQL - 
    insert 
    into
        restaurants
        (address, category, created_at, latitude, longitude, name, rating, review, updated_at, id) 
    values
        (?, ?, ?, ?, ?, ?, ?, ?, ?, default)
2025-09-29 01:18:31 [restartedMain] DEBUG org.hibernate.SQL - 
    insert 
    into
        restaurants
        (address, category, created_at, latitude, longitude, name, rating, review, updated_at, id) 
    values
        (?, ?, ?, ?, ?, ?, ?, ?, ?, default)
2025-09-29 01:18:31 [restartedMain] DEBUG org.hibernate.SQL - 
    insert 
    into
        restaurants
        (address, category, created_at, latitude, longitude, name, rating, review, updated_at, id) 
    values
        (?, ?, ?, ?, ?, ?, ?, ?, ?, default)
2025-09-29 01:18:41 [http-nio-8080-exec-1] INFO  o.a.c.c.C.[Tomcat].[localhost].[/] - Initializing Spring DispatcherServlet 'dispatcherServlet'
2025-09-29 01:18:41 [http-nio-8080-exec-1] INFO  o.s.web.servlet.DispatcherServlet - Initializing Servlet 'dispatcherServlet'
2025-09-29 01:18:41 [http-nio-8080-exec-1] DEBUG o.s.web.servlet.DispatcherServlet - Detected StandardServletMultipartResolver
2025-09-29 01:18:41 [http-nio-8080-exec-1] DEBUG o.s.web.servlet.DispatcherServlet - Detected AcceptHeaderLocaleResolver
2025-09-29 01:18:41 [http-nio-8080-exec-1] DEBUG o.s.web.servlet.DispatcherServlet - Detected FixedThemeResolver
2025-09-29 01:18:41 [http-nio-8080-exec-1] DEBUG o.s.web.servlet.DispatcherServlet - Detected org.springframework.web.servlet.view.DefaultRequestToViewNameTranslator@5d7f1114
2025-09-29 01:18:41 [http-nio-8080-exec-1] DEBUG o.s.web.servlet.DispatcherServlet - Detected org.springframework.web.servlet.support.SessionFlashMapManager@34efa022
2025-09-29 01:18:41 [http-nio-8080-exec-1] DEBUG o.s.web.servlet.DispatcherServlet - enableLoggingRequestDetails='false': request parameters and headers will be masked to prevent unsafe logging of potentially sensitive data
2025-09-29 01:18:41 [http-nio-8080-exec-1] INFO  o.s.web.servlet.DispatcherServlet - Completed initialization in 3 ms
2025-09-29 01:18:41 [http-nio-8080-exec-1] DEBUG o.s.web.servlet.DispatcherServlet - GET "/", parameters={}
2025-09-29 01:18:41 [http-nio-8080-exec-1] DEBUG o.s.w.s.m.m.a.RequestMappingHandlerMapping - Mapped to com.motmap.controller.ViewController#index()
2025-09-29 01:18:41 [http-nio-8080-exec-1] DEBUG o.s.w.s.v.ContentNegotiatingViewResolver - Selected 'text/html' given [text/html, application/xhtml+xml, image/avif, image/webp, image/apng, application/xml;q=0.9, */*;q=0.8, application/signed-exchange;v=b3;q=0.7]
2025-09-29 01:18:41 [http-nio-8080-exec-1] DEBUG o.s.web.servlet.DispatcherServlet - Completed 200 OK
2025-09-29 01:18:41 [http-nio-8080-exec-2] DEBUG o.s.web.servlet.DispatcherServlet - GET "/css/style.css", parameters={}
2025-09-29 01:18:41 [http-nio-8080-exec-3] DEBUG o.s.web.servlet.DispatcherServlet - GET "/js/api.js", parameters={}
2025-09-29 01:18:41 [http-nio-8080-exec-2] DEBUG o.s.w.s.h.SimpleUrlHandlerMapping - Mapped to ResourceHttpRequestHandler [classpath [META-INF/resources/], classpath [resources/], classpath [static/], classpath [public/], ServletContext [/]]
2025-09-29 01:18:41 [http-nio-8080-exec-4] DEBUG o.s.web.servlet.DispatcherServlet - GET "/js/map.js", parameters={}
2025-09-29 01:18:41 [http-nio-8080-exec-3] DEBUG o.s.w.s.h.SimpleUrlHandlerMapping - Mapped to ResourceHttpRequestHandler [classpath [META-INF/resources/], classpath [resources/], classpath [static/], classpath [public/], ServletContext [/]]
2025-09-29 01:18:41 [http-nio-8080-exec-6] DEBUG o.s.web.servlet.DispatcherServlet - GET "/js/main.js", parameters={}
2025-09-29 01:18:41 [http-nio-8080-exec-5] DEBUG o.s.web.servlet.DispatcherServlet - GET "/js/restaurant.js", parameters={}
2025-09-29 01:18:41 [http-nio-8080-exec-4] DEBUG o.s.w.s.h.SimpleUrlHandlerMapping - Mapped to ResourceHttpRequestHandler [classpath [META-INF/resources/], classpath [resources/], classpath [static/], classpath [public/], ServletContext [/]]
2025-09-29 01:18:41 [http-nio-8080-exec-6] DEBUG o.s.w.s.h.SimpleUrlHandlerMapping - Mapped to ResourceHttpRequestHandler [classpath [META-INF/resources/], classpath [resources/], classpath [static/], classpath [public/], ServletContext [/]]
2025-09-29 01:18:41 [http-nio-8080-exec-5] DEBUG o.s.w.s.h.SimpleUrlHandlerMapping - Mapped to ResourceHttpRequestHandler [classpath [META-INF/resources/], classpath [resources/], classpath [static/], classpath [public/], ServletContext [/]]
2025-09-29 01:18:41 [http-nio-8080-exec-3] DEBUG o.s.web.servlet.DispatcherServlet - Completed 200 OK
2025-09-29 01:18:41 [http-nio-8080-exec-2] DEBUG o.s.web.servlet.DispatcherServlet - Completed 200 OK
2025-09-29 01:18:41 [http-nio-8080-exec-6] DEBUG o.s.web.servlet.DispatcherServlet - Completed 200 OK
2025-09-29 01:18:41 [http-nio-8080-exec-5] DEBUG o.s.web.servlet.DispatcherServlet - Completed 200 OK
2025-09-29 01:18:41 [http-nio-8080-exec-4] DEBUG o.s.web.servlet.DispatcherServlet - Completed 200 OK
2025-09-29 01:18:41 [http-nio-8080-exec-7] DEBUG o.s.web.servlet.DispatcherServlet - GET "/api/restaurants", parameters={}
2025-09-29 01:18:41 [http-nio-8080-exec-7] DEBUG o.s.w.s.m.m.a.RequestMappingHandlerMapping - Mapped to com.motmap.controller.RestaurantController#getAllRestaurants()
2025-09-29 01:18:41 [http-nio-8080-exec-7] DEBUG org.hibernate.SQL - 
    select
        r1_0.id,
        r1_0.address,
        r1_0.category,
        r1_0.created_at,
        r1_0.latitude,
        r1_0.longitude,
        r1_0.name,
        r1_0.rating,
        r1_0.review,
        r1_0.updated_at 
    from
        restaurants r1_0
2025-09-29 01:18:41 [http-nio-8080-exec-8] DEBUG o.s.web.servlet.DispatcherServlet - GET "/favicon.ico", parameters={}
2025-09-29 01:18:41 [http-nio-8080-exec-8] DEBUG o.s.w.s.h.SimpleUrlHandlerMapping - Mapped to ResourceHttpRequestHandler [classpath [META-INF/resources/], classpath [resources/], classpath [static/], classpath [public/], ServletContext [/]]
2025-09-29 01:18:41 [http-nio-8080-exec-8] DEBUG o.s.w.s.r.ResourceHttpRequestHandler - Resource not found
2025-09-29 01:18:41 [http-nio-8080-exec-8] DEBUG o.s.w.s.m.m.a.ExceptionHandlerExceptionResolver - Using @ExceptionHandler com.motmap.exception.GlobalExceptionHandler#handleGenericError(Exception)
2025-09-29 01:18:42 [http-nio-8080-exec-7] DEBUG o.s.w.s.m.m.a.HttpEntityMethodProcessor - Using 'application/json', given [*/*] and supported [application/json, application/*+json]
2025-09-29 01:18:42 [http-nio-8080-exec-7] DEBUG o.s.w.s.m.m.a.HttpEntityMethodProcessor - Writing [[com.motmap.dto.RestaurantResponseDto@37dfc9f5, com.motmap.dto.RestaurantResponseDto@6b871a88, com.m (truncated)...]
2025-09-29 01:18:42 [http-nio-8080-exec-8] DEBUG o.s.w.s.m.m.a.HttpEntityMethodProcessor - Using 'application/json;q=0.8', given [image/avif, image/webp, image/apng, image/svg+xml, image/*, */*;q=0.8] and supported [application/json, application/*+json]
2025-09-29 01:18:42 [http-nio-8080-exec-8] DEBUG o.s.w.s.m.m.a.HttpEntityMethodProcessor - Writing [{error=INTERNAL_ERROR, message=서버 내부 오류가 발생했습니다., status=500}]
2025-09-29 01:18:42 [http-nio-8080-exec-8] WARN  o.s.w.s.m.m.a.ExceptionHandlerExceptionResolver - Resolved [org.springframework.web.servlet.resource.NoResourceFoundException: No static resource favicon.ico.]
2025-09-29 01:18:42 [http-nio-8080-exec-8] DEBUG o.s.web.servlet.DispatcherServlet - Completed 500 INTERNAL_SERVER_ERROR
2025-09-29 01:18:42 [http-nio-8080-exec-7] DEBUG o.s.web.servlet.DispatcherServlet - Completed 200 OK
2025-09-29 01:22:43 [restartedMain] INFO  com.motmap.MotmapApplication - Starting MotmapApplication using Java 17.0.12 with PID 20180 (C:\Coding\MOTMAP\build\classes\java\main started by ASUS in C:\Coding\MOTMAP)
2025-09-29 01:22:43 [restartedMain] DEBUG com.motmap.MotmapApplication - Running with Spring Boot v3.2.0, Spring v6.1.1
2025-09-29 01:22:43 [restartedMain] INFO  com.motmap.MotmapApplication - No active profile set, falling back to 1 default profile: "default"
2025-09-29 01:22:43 [restartedMain] INFO  o.s.b.d.e.DevToolsPropertyDefaultsPostProcessor - Devtools property defaults active! Set 'spring.devtools.add-properties' to 'false' to disable
2025-09-29 01:22:43 [restartedMain] INFO  o.s.b.d.e.DevToolsPropertyDefaultsPostProcessor - For additional web related logging consider setting the 'logging.level.web' property to 'DEBUG'
2025-09-29 01:22:44 [restartedMain] INFO  o.s.d.r.c.RepositoryConfigurationDelegate - Bootstrapping Spring Data JPA repositories in DEFAULT mode.
2025-09-29 01:22:44 [restartedMain] INFO  o.s.d.r.c.RepositoryConfigurationDelegate - Finished Spring Data repository scanning in 74 ms. Found 1 JPA repository interface.
2025-09-29 01:22:45 [restartedMain] INFO  o.s.b.w.e.tomcat.TomcatWebServer - Tomcat initialized with port 8080 (http)
2025-09-29 01:22:45 [restartedMain] INFO  o.a.catalina.core.StandardService - Starting service [Tomcat]
2025-09-29 01:22:45 [restartedMain] INFO  o.a.catalina.core.StandardEngine - Starting Servlet engine: [Apache Tomcat/10.1.16]
2025-09-29 01:22:45 [restartedMain] INFO  o.a.c.c.C.[Tomcat].[localhost].[/] - Initializing Spring embedded WebApplicationContext
2025-09-29 01:22:45 [restartedMain] INFO  o.s.b.w.s.c.ServletWebServerApplicationContext - Root WebApplicationContext: initialization completed in 2053 ms
2025-09-29 01:22:45 [restartedMain] INFO  com.zaxxer.hikari.HikariDataSource - HikariPool-1 - Starting...
2025-09-29 01:22:45 [restartedMain] INFO  com.zaxxer.hikari.pool.HikariPool - HikariPool-1 - Added connection conn0: url=jdbc:h2:mem:motmap user=SA
2025-09-29 01:22:45 [restartedMain] INFO  com.zaxxer.hikari.HikariDataSource - HikariPool-1 - Start completed.
2025-09-29 01:22:45 [restartedMain] INFO  o.s.b.a.h.H2ConsoleAutoConfiguration - H2 console available at '/h2-console'. Database available at 'jdbc:h2:mem:motmap'
2025-09-29 01:22:46 [restartedMain] INFO  o.h.jpa.internal.util.LogHelper - HHH000204: Processing PersistenceUnitInfo [name: default]
2025-09-29 01:22:46 [restartedMain] INFO  org.hibernate.Version - HHH000412: Hibernate ORM core version 6.3.1.Final
2025-09-29 01:22:46 [restartedMain] INFO  o.h.c.i.RegionFactoryInitiator - HHH000026: Second-level cache disabled
2025-09-29 01:22:46 [restartedMain] INFO  o.s.o.j.p.SpringPersistenceUnitInfo - No LoadTimeWeaver setup: ignoring JPA class transformer
2025-09-29 01:22:46 [restartedMain] WARN  org.hibernate.orm.deprecation - HHH90000025: H2Dialect does not need to be specified explicitly using 'hibernate.dialect' (remove the property setting and it will be selected by default)
2025-09-29 01:22:47 [restartedMain] INFO  o.h.e.t.j.p.i.JtaPlatformInitiator - HHH000489: No JTA platform available (set 'hibernate.transaction.jta.platform' to enable JTA platform integration)
2025-09-29 01:22:47 [restartedMain] DEBUG org.hibernate.SQL - 
    drop table if exists restaurants cascade 
2025-09-29 01:22:47 [restartedMain] DEBUG org.hibernate.SQL - 
    create table restaurants (
        latitude float(53) not null,
        longitude float(53) not null,
        rating integer not null,
        created_at timestamp(6) not null,
        id bigint generated by default as identity,
        updated_at timestamp(6),
        review varchar(1000),
        address varchar(255) not null,
        category varchar(255) not null check (category in ('KOREAN','CHINESE','JAPANESE','WESTERN','CAFE','ETC')),
        name varchar(255) not null,
        primary key (id)
    )
2025-09-29 01:22:47 [restartedMain] DEBUG org.hibernate.SQL - 
    create index idx_restaurant_category 
       on restaurants (category)
2025-09-29 01:22:47 [restartedMain] DEBUG org.hibernate.SQL - 
    create index idx_restaurant_rating 
       on restaurants (rating)
2025-09-29 01:22:47 [restartedMain] DEBUG org.hibernate.SQL - 
    create index idx_restaurant_location 
       on restaurants (latitude, longitude)
2025-09-29 01:22:47 [restartedMain] DEBUG org.hibernate.SQL - 
    create index idx_restaurant_created_at 
       on restaurants (created_at)
2025-09-29 01:22:47 [restartedMain] INFO  o.s.o.j.LocalContainerEntityManagerFactoryBean - Initialized JPA EntityManagerFactory for persistence unit 'default'
2025-09-29 01:22:47 [restartedMain] INFO  o.s.d.j.r.query.QueryEnhancerFactory - Hibernate is in classpath; If applicable, HQL parser will be used.
2025-09-29 01:22:48 [restartedMain] WARN  o.s.b.a.o.j.JpaBaseConfiguration$JpaWebConfiguration - spring.jpa.open-in-view is enabled by default. Therefore, database queries may be performed during view rendering. Explicitly configure spring.jpa.open-in-view to disable this warning
2025-09-29 01:22:48 [restartedMain] INFO  o.s.b.a.w.s.WelcomePageHandlerMapping - Adding welcome page template: index
2025-09-29 01:22:48 [restartedMain] DEBUG o.s.w.s.m.m.a.RequestMappingHandlerMapping - 19 mappings in 'requestMappingHandlerMapping'
2025-09-29 01:22:48 [restartedMain] DEBUG o.s.w.s.h.SimpleUrlHandlerMapping - Patterns [/webjars/**, /**, /swagger-ui*/*swagger-initializer.js, /swagger-ui*/**] in 'resourceHandlerMapping'
2025-09-29 01:22:48 [restartedMain] DEBUG o.s.w.s.m.m.a.RequestMappingHandlerAdapter - ControllerAdvice beans: 0 @ModelAttribute, 0 @InitBinder, 1 RequestBodyAdvice, 1 ResponseBodyAdvice
2025-09-29 01:22:48 [restartedMain] DEBUG o.s.w.s.m.m.a.ExceptionHandlerExceptionResolver - ControllerAdvice beans: 2 @ExceptionHandler, 1 ResponseBodyAdvice
2025-09-29 01:22:49 [restartedMain] INFO  o.s.b.d.a.OptionalLiveReloadServer - LiveReload server is running on port 35729
2025-09-29 01:22:49 [restartedMain] INFO  o.s.b.w.e.tomcat.TomcatWebServer - Tomcat started on port 8080 (http) with context path ''
2025-09-29 01:22:49 [restartedMain] INFO  com.motmap.MotmapApplication - Started MotmapApplication in 6.181 seconds (process running for 6.707)
2025-09-29 01:22:49 [restartedMain] DEBUG org.hibernate.SQL - 
    select
        count(*) 
    from
        restaurants r1_0
2025-09-29 01:22:49 [restartedMain] DEBUG org.hibernate.SQL - 
    insert 
    into
        restaurants
        (address, category, created_at, latitude, longitude, name, rating, review, updated_at, id) 
    values
        (?, ?, ?, ?, ?, ?, ?, ?, ?, default)
2025-09-29 01:22:49 [restartedMain] DEBUG org.hibernate.SQL - 
    insert 
    into
        restaurants
        (address, category, created_at, latitude, longitude, name, rating, review, updated_at, id) 
    values
        (?, ?, ?, ?, ?, ?, ?, ?, ?, default)
2025-09-29 01:22:49 [restartedMain] DEBUG org.hibernate.SQL - 
    insert 
    into
        restaurants
        (address, category, created_at, latitude, longitude, name, rating, review, updated_at, id) 
    values
        (?, ?, ?, ?, ?, ?, ?, ?, ?, default)
2025-09-29 01:22:49 [restartedMain] DEBUG org.hibernate.SQL - 
    insert 
    into
        restaurants
        (address, category, created_at, latitude, longitude, name, rating, review, updated_at, id) 
    values
        (?, ?, ?, ?, ?, ?, ?, ?, ?, default)
2025-09-29 01:22:49 [restartedMain] DEBUG org.hibernate.SQL - 
    insert 
    into
        restaurants
        (address, category, created_at, latitude, longitude, name, rating, review, updated_at, id) 
    values
        (?, ?, ?, ?, ?, ?, ?, ?, ?, default)
2025-09-29 01:22:56 [http-nio-8080-exec-1] INFO  o.a.c.c.C.[Tomcat].[localhost].[/] - Initializing Spring DispatcherServlet 'dispatcherServlet'
2025-09-29 01:22:56 [http-nio-8080-exec-1] INFO  o.s.web.servlet.DispatcherServlet - Initializing Servlet 'dispatcherServlet'
2025-09-29 01:22:56 [http-nio-8080-exec-1] DEBUG o.s.web.servlet.DispatcherServlet - Detected StandardServletMultipartResolver
2025-09-29 01:22:56 [http-nio-8080-exec-1] DEBUG o.s.web.servlet.DispatcherServlet - Detected AcceptHeaderLocaleResolver
2025-09-29 01:22:56 [http-nio-8080-exec-1] DEBUG o.s.web.servlet.DispatcherServlet - Detected FixedThemeResolver
2025-09-29 01:22:56 [http-nio-8080-exec-1] DEBUG o.s.web.servlet.DispatcherServlet - Detected org.springframework.web.servlet.view.DefaultRequestToViewNameTranslator@276f5c5f
2025-09-29 01:22:56 [http-nio-8080-exec-1] DEBUG o.s.web.servlet.DispatcherServlet - Detected org.springframework.web.servlet.support.SessionFlashMapManager@6155e182
2025-09-29 01:22:56 [http-nio-8080-exec-1] DEBUG o.s.web.servlet.DispatcherServlet - enableLoggingRequestDetails='false': request parameters and headers will be masked to prevent unsafe logging of potentially sensitive data
2025-09-29 01:22:56 [http-nio-8080-exec-1] INFO  o.s.web.servlet.DispatcherServlet - Completed initialization in 3 ms
2025-09-29 01:22:56 [http-nio-8080-exec-1] DEBUG o.s.web.servlet.DispatcherServlet - GET "/", parameters={}
2025-09-29 01:22:56 [http-nio-8080-exec-1] DEBUG o.s.w.s.m.m.a.RequestMappingHandlerMapping - Mapped to com.motmap.controller.ViewController#index()
2025-09-29 01:22:56 [http-nio-8080-exec-1] DEBUG o.s.w.s.v.ContentNegotiatingViewResolver - Selected 'text/html' given [text/html, application/xhtml+xml, image/avif, image/webp, image/apng, application/xml;q=0.9, */*;q=0.8, application/signed-exchange;v=b3;q=0.7]
2025-09-29 01:22:57 [http-nio-8080-exec-1] DEBUG o.s.web.servlet.DispatcherServlet - Completed 200 OK
2025-09-29 01:22:57 [http-nio-8080-exec-2] DEBUG o.s.web.servlet.DispatcherServlet - GET "/css/style.css", parameters={}
2025-09-29 01:22:57 [http-nio-8080-exec-2] DEBUG o.s.w.s.h.SimpleUrlHandlerMapping - Mapped to ResourceHttpRequestHandler [classpath [META-INF/resources/], classpath [resources/], classpath [static/], classpath [public/], ServletContext [/]]
2025-09-29 01:22:57 [http-nio-8080-exec-3] DEBUG o.s.web.servlet.DispatcherServlet - GET "/js/api.js", parameters={}
2025-09-29 01:22:57 [http-nio-8080-exec-4] DEBUG o.s.web.servlet.DispatcherServlet - GET "/js/map.js", parameters={}
2025-09-29 01:22:57 [http-nio-8080-exec-3] DEBUG o.s.w.s.h.SimpleUrlHandlerMapping - Mapped to ResourceHttpRequestHandler [classpath [META-INF/resources/], classpath [resources/], classpath [static/], classpath [public/], ServletContext [/]]
2025-09-29 01:22:57 [http-nio-8080-exec-5] DEBUG o.s.web.servlet.DispatcherServlet - GET "/js/restaurant.js", parameters={}
2025-09-29 01:22:57 [http-nio-8080-exec-6] DEBUG o.s.web.servlet.DispatcherServlet - GET "/js/main.js", parameters={}
2025-09-29 01:22:57 [http-nio-8080-exec-6] DEBUG o.s.w.s.h.SimpleUrlHandlerMapping - Mapped to ResourceHttpRequestHandler [classpath [META-INF/resources/], classpath [resources/], classpath [static/], classpath [public/], ServletContext [/]]
2025-09-29 01:22:57 [http-nio-8080-exec-4] DEBUG o.s.w.s.h.SimpleUrlHandlerMapping - Mapped to ResourceHttpRequestHandler [classpath [META-INF/resources/], classpath [resources/], classpath [static/], classpath [public/], ServletContext [/]]
2025-09-29 01:22:57 [http-nio-8080-exec-5] DEBUG o.s.w.s.h.SimpleUrlHandlerMapping - Mapped to ResourceHttpRequestHandler [classpath [META-INF/resources/], classpath [resources/], classpath [static/], classpath [public/], ServletContext [/]]
2025-09-29 01:22:57 [http-nio-8080-exec-3] DEBUG o.s.web.servlet.DispatcherServlet - Completed 200 OK
2025-09-29 01:22:57 [http-nio-8080-exec-5] DEBUG o.s.web.servlet.DispatcherServlet - Completed 200 OK
2025-09-29 01:22:57 [http-nio-8080-exec-2] DEBUG o.s.web.servlet.DispatcherServlet - Completed 200 OK
2025-09-29 01:22:57 [http-nio-8080-exec-6] DEBUG o.s.web.servlet.DispatcherServlet - Completed 200 OK
2025-09-29 01:22:57 [http-nio-8080-exec-4] DEBUG o.s.web.servlet.DispatcherServlet - Completed 200 OK
2025-09-29 01:22:57 [http-nio-8080-exec-7] DEBUG o.s.web.servlet.DispatcherServlet - GET "/api/restaurants", parameters={}
2025-09-29 01:22:57 [http-nio-8080-exec-7] DEBUG o.s.w.s.m.m.a.RequestMappingHandlerMapping - Mapped to com.motmap.controller.RestaurantController#getAllRestaurants()
2025-09-29 01:22:57 [http-nio-8080-exec-8] DEBUG o.s.web.servlet.DispatcherServlet - GET "/favicon.ico", parameters={}
2025-09-29 01:22:57 [http-nio-8080-exec-8] DEBUG o.s.w.s.h.SimpleUrlHandlerMapping - Mapped to ResourceHttpRequestHandler [classpath [META-INF/resources/], classpath [resources/], classpath [static/], classpath [public/], ServletContext [/]]
2025-09-29 01:22:57 [http-nio-8080-exec-8] DEBUG o.s.w.s.r.ResourceHttpRequestHandler - Resource not found
2025-09-29 01:22:57 [http-nio-8080-exec-8] DEBUG o.s.w.s.m.m.a.ExceptionHandlerExceptionResolver - Using @ExceptionHandler com.motmap.exception.GlobalExceptionHandler#handleGenericError(Exception)
2025-09-29 01:22:57 [http-nio-8080-exec-7] DEBUG org.hibernate.SQL - 
    select
        r1_0.id,
        r1_0.address,
        r1_0.category,
        r1_0.created_at,
        r1_0.latitude,
        r1_0.longitude,
        r1_0.name,
        r1_0.rating,
        r1_0.review,
        r1_0.updated_at 
    from
        restaurants r1_0
2025-09-29 01:22:57 [http-nio-8080-exec-7] DEBUG o.s.w.s.m.m.a.HttpEntityMethodProcessor - Using 'application/json', given [*/*] and supported [application/json, application/*+json]
2025-09-29 01:22:57 [http-nio-8080-exec-8] DEBUG o.s.w.s.m.m.a.HttpEntityMethodProcessor - Using 'application/json;q=0.8', given [image/avif, image/webp, image/apng, image/svg+xml, image/*, */*;q=0.8] and supported [application/json, application/*+json]
2025-09-29 01:22:57 [http-nio-8080-exec-7] DEBUG o.s.w.s.m.m.a.HttpEntityMethodProcessor - Writing [[com.motmap.dto.RestaurantResponseDto@1f4c4da6, com.motmap.dto.RestaurantResponseDto@691e4c87, com.m (truncated)...]
2025-09-29 01:22:57 [http-nio-8080-exec-8] DEBUG o.s.w.s.m.m.a.HttpEntityMethodProcessor - Writing [{error=INTERNAL_ERROR, message=서버 내부 오류가 발생했습니다., status=500}]
2025-09-29 01:22:57 [http-nio-8080-exec-8] WARN  o.s.w.s.m.m.a.ExceptionHandlerExceptionResolver - Resolved [org.springframework.web.servlet.resource.NoResourceFoundException: No static resource favicon.ico.]
2025-09-29 01:22:57 [http-nio-8080-exec-8] DEBUG o.s.web.servlet.DispatcherServlet - Completed 500 INTERNAL_SERVER_ERROR
2025-09-29 01:22:57 [http-nio-8080-exec-7] DEBUG o.s.web.servlet.DispatcherServlet - Completed 200 OK
2025-09-29 01:23:02 [http-nio-8080-exec-9] DEBUG o.s.web.servlet.DispatcherServlet - GET "/swagger-ui/index.html", parameters={}
2025-09-29 01:23:02 [http-nio-8080-exec-9] DEBUG o.s.w.s.h.SimpleUrlHandlerMapping - Mapped to ResourceHttpRequestHandler [classpath [META-INF/resources/webjars/]]
2025-09-29 01:23:02 [http-nio-8080-exec-9] DEBUG o.s.web.servlet.DispatcherServlet - Completed 200 OK
2025-09-29 01:23:02 [http-nio-8080-exec-10] DEBUG o.s.web.servlet.DispatcherServlet - GET "/swagger-ui/swagger-ui.css", parameters={}
2025-09-29 01:23:02 [http-nio-8080-exec-10] DEBUG o.s.w.s.h.SimpleUrlHandlerMapping - Mapped to ResourceHttpRequestHandler [classpath [META-INF/resources/webjars/]]
2025-09-29 01:23:02 [http-nio-8080-exec-10] DEBUG o.s.web.servlet.DispatcherServlet - Completed 200 OK
2025-09-29 01:23:02 [http-nio-8080-exec-1] DEBUG o.s.web.servlet.DispatcherServlet - GET "/swagger-ui/index.css", parameters={}
2025-09-29 01:23:02 [http-nio-8080-exec-1] DEBUG o.s.w.s.h.SimpleUrlHandlerMapping - Mapped to ResourceHttpRequestHandler [classpath [META-INF/resources/webjars/]]
2025-09-29 01:23:02 [http-nio-8080-exec-3] DEBUG o.s.web.servlet.DispatcherServlet - GET "/swagger-ui/swagger-ui-bundle.js", parameters={}
2025-09-29 01:23:02 [http-nio-8080-exec-6] DEBUG o.s.web.servlet.DispatcherServlet - GET "/swagger-ui/swagger-ui-standalone-preset.js", parameters={}
2025-09-29 01:23:02 [http-nio-8080-exec-5] DEBUG o.s.web.servlet.DispatcherServlet - GET "/swagger-ui/swagger-initializer.js", parameters={}
2025-09-29 01:23:02 [http-nio-8080-exec-3] DEBUG o.s.w.s.h.SimpleUrlHandlerMapping - Mapped to ResourceHttpRequestHandler [classpath [META-INF/resources/webjars/]]
2025-09-29 01:23:02 [http-nio-8080-exec-5] DEBUG o.s.w.s.h.SimpleUrlHandlerMapping - Mapped to ResourceHttpRequestHandler [classpath [META-INF/resources/webjars/]]
2025-09-29 01:23:02 [http-nio-8080-exec-6] DEBUG o.s.w.s.h.SimpleUrlHandlerMapping - Mapped to ResourceHttpRequestHandler [classpath [META-INF/resources/webjars/]]
2025-09-29 01:23:02 [http-nio-8080-exec-1] DEBUG o.s.web.servlet.DispatcherServlet - Completed 200 OK
2025-09-29 01:23:02 [http-nio-8080-exec-6] DEBUG o.s.web.servlet.DispatcherServlet - Completed 200 OK
2025-09-29 01:23:02 [http-nio-8080-exec-5] DEBUG o.s.web.servlet.DispatcherServlet - Completed 200 OK
2025-09-29 01:23:02 [http-nio-8080-exec-3] DEBUG o.s.web.servlet.DispatcherServlet - Completed 200 OK
2025-09-29 01:23:02 [http-nio-8080-exec-2] DEBUG o.s.web.servlet.DispatcherServlet - GET "/api-docs/swagger-config", parameters={}
2025-09-29 01:23:02 [http-nio-8080-exec-2] DEBUG o.s.w.s.m.m.a.RequestMappingHandlerMapping - Mapped to org.springdoc.webmvc.ui.SwaggerConfigResource#openapiJson(HttpServletRequest)
2025-09-29 01:23:02 [http-nio-8080-exec-2] DEBUG o.s.w.s.m.m.a.RequestResponseBodyMethodProcessor - Using 'application/json', given [*/*] and supported [application/json]
2025-09-29 01:23:02 [http-nio-8080-exec-2] DEBUG o.s.w.s.m.m.a.RequestResponseBodyMethodProcessor - Writing [{configUrl=/api-docs/swagger-config, displayOperationId=true, displayRequestDuration=true, oauth2Red (truncated)...]
2025-09-29 01:23:02 [http-nio-8080-exec-2] DEBUG o.s.web.servlet.DispatcherServlet - Completed 200 OK
2025-09-29 01:23:02 [http-nio-8080-exec-4] DEBUG o.s.web.servlet.DispatcherServlet - GET "/api-docs", parameters={}
2025-09-29 01:23:02 [http-nio-8080-exec-4] DEBUG o.s.w.s.m.m.a.RequestMappingHandlerMapping - Mapped to org.springdoc.webmvc.api.OpenApiWebMvcResource#openapiJson(HttpServletRequest, String, Locale)
2025-09-29 01:23:02 [http-nio-8080-exec-4] INFO  o.s.api.AbstractOpenApiResource - Init duration for springdoc-openapi is: 476 ms
2025-09-29 01:23:02 [http-nio-8080-exec-4] DEBUG o.s.w.s.m.m.a.RequestResponseBodyMethodProcessor - Using 'application/json', given [application/json, */*] and supported [application/json]
2025-09-29 01:23:02 [http-nio-8080-exec-4] DEBUG o.s.w.s.m.m.a.RequestResponseBodyMethodProcessor - Writing [{123, 34, 111, 112, 101, 110, 97, 112, 105, 34, 58, 34, 51, 46, 48, 46, 49, 34, 44, 34, 105, 110, 10 (truncated)...]
2025-09-29 01:23:02 [http-nio-8080-exec-4] DEBUG o.s.web.servlet.DispatcherServlet - Completed 200 OK
2025-09-29 01:33:07 [restartedMain] INFO  com.motmap.MotmapApplication - Starting MotmapApplication using Java 17.0.12 with PID 5820 (C:\Coding\MOTMAP\build\classes\java\main started by ASUS in C:\Coding\MOTMAP)
2025-09-29 01:33:07 [restartedMain] DEBUG com.motmap.MotmapApplication - Running with Spring Boot v3.2.0, Spring v6.1.1
2025-09-29 01:33:07 [restartedMain] INFO  com.motmap.MotmapApplication - No active profile set, falling back to 1 default profile: "default"
2025-09-29 01:33:07 [restartedMain] INFO  o.s.b.d.e.DevToolsPropertyDefaultsPostProcessor - Devtools property defaults active! Set 'spring.devtools.add-properties' to 'false' to disable
2025-09-29 01:33:07 [restartedMain] INFO  o.s.b.d.e.DevToolsPropertyDefaultsPostProcessor - For additional web related logging consider setting the 'logging.level.web' property to 'DEBUG'
2025-09-29 01:33:08 [restartedMain] INFO  o.s.d.r.c.RepositoryConfigurationDelegate - Bootstrapping Spring Data JPA repositories in DEFAULT mode.
2025-09-29 01:33:08 [restartedMain] INFO  o.s.d.r.c.RepositoryConfigurationDelegate - Finished Spring Data repository scanning in 69 ms. Found 1 JPA repository interface.
2025-09-29 01:33:09 [restartedMain] INFO  o.s.b.w.e.tomcat.TomcatWebServer - Tomcat initialized with port 8080 (http)
2025-09-29 01:33:09 [restartedMain] INFO  o.a.catalina.core.StandardService - Starting service [Tomcat]
2025-09-29 01:33:09 [restartedMain] INFO  o.a.catalina.core.StandardEngine - Starting Servlet engine: [Apache Tomcat/10.1.16]
2025-09-29 01:33:09 [restartedMain] INFO  o.a.c.c.C.[Tomcat].[localhost].[/] - Initializing Spring embedded WebApplicationContext
2025-09-29 01:33:09 [restartedMain] INFO  o.s.b.w.s.c.ServletWebServerApplicationContext - Root WebApplicationContext: initialization completed in 2094 ms
2025-09-29 01:33:09 [restartedMain] INFO  com.zaxxer.hikari.HikariDataSource - HikariPool-1 - Starting...
2025-09-29 01:33:09 [restartedMain] INFO  com.zaxxer.hikari.pool.HikariPool - HikariPool-1 - Added connection conn0: url=jdbc:h2:mem:motmap user=SA
2025-09-29 01:33:09 [restartedMain] INFO  com.zaxxer.hikari.HikariDataSource - HikariPool-1 - Start completed.
2025-09-29 01:33:09 [restartedMain] INFO  o.s.b.a.h.H2ConsoleAutoConfiguration - H2 console available at '/h2-console'. Database available at 'jdbc:h2:mem:motmap'
2025-09-29 01:33:10 [restartedMain] INFO  o.h.jpa.internal.util.LogHelper - HHH000204: Processing PersistenceUnitInfo [name: default]
2025-09-29 01:33:10 [restartedMain] INFO  org.hibernate.Version - HHH000412: Hibernate ORM core version 6.3.1.Final
2025-09-29 01:33:10 [restartedMain] INFO  o.h.c.i.RegionFactoryInitiator - HHH000026: Second-level cache disabled
2025-09-29 01:33:10 [restartedMain] INFO  o.s.o.j.p.SpringPersistenceUnitInfo - No LoadTimeWeaver setup: ignoring JPA class transformer
2025-09-29 01:33:10 [restartedMain] WARN  org.hibernate.orm.deprecation - HHH90000025: H2Dialect does not need to be specified explicitly using 'hibernate.dialect' (remove the property setting and it will be selected by default)
2025-09-29 01:33:11 [restartedMain] INFO  o.h.e.t.j.p.i.JtaPlatformInitiator - HHH000489: No JTA platform available (set 'hibernate.transaction.jta.platform' to enable JTA platform integration)
2025-09-29 01:33:11 [restartedMain] DEBUG org.hibernate.SQL - 
    drop table if exists restaurants cascade 
2025-09-29 01:33:11 [restartedMain] DEBUG org.hibernate.SQL - 
    create table restaurants (
        latitude float(53) not null,
        longitude float(53) not null,
        rating integer not null,
        created_at timestamp(6) not null,
        id bigint generated by default as identity,
        updated_at timestamp(6),
        review varchar(1000),
        address varchar(255) not null,
        category varchar(255) not null check (category in ('KOREAN','CHINESE','JAPANESE','WESTERN','CAFE','ETC')),
        name varchar(255) not null,
        primary key (id)
    )
2025-09-29 01:33:11 [restartedMain] DEBUG org.hibernate.SQL - 
    create index idx_restaurant_category 
       on restaurants (category)
2025-09-29 01:33:11 [restartedMain] DEBUG org.hibernate.SQL - 
    create index idx_restaurant_rating 
       on restaurants (rating)
2025-09-29 01:33:11 [restartedMain] DEBUG org.hibernate.SQL - 
    create index idx_restaurant_location 
       on restaurants (latitude, longitude)
2025-09-29 01:33:11 [restartedMain] DEBUG org.hibernate.SQL - 
    create index idx_restaurant_created_at 
       on restaurants (created_at)
2025-09-29 01:33:11 [restartedMain] INFO  o.s.o.j.LocalContainerEntityManagerFactoryBean - Initialized JPA EntityManagerFactory for persistence unit 'default'
2025-09-29 01:33:11 [restartedMain] INFO  o.s.d.j.r.query.QueryEnhancerFactory - Hibernate is in classpath; If applicable, HQL parser will be used.
2025-09-29 01:33:12 [restartedMain] WARN  o.s.b.a.o.j.JpaBaseConfiguration$JpaWebConfiguration - spring.jpa.open-in-view is enabled by default. Therefore, database queries may be performed during view rendering. Explicitly configure spring.jpa.open-in-view to disable this warning
2025-09-29 01:33:12 [restartedMain] INFO  o.s.b.a.w.s.WelcomePageHandlerMapping - Adding welcome page template: index
2025-09-29 01:33:12 [restartedMain] DEBUG o.s.w.s.m.m.a.RequestMappingHandlerMapping - 20 mappings in 'requestMappingHandlerMapping'
2025-09-29 01:33:12 [restartedMain] DEBUG o.s.w.s.h.SimpleUrlHandlerMapping - Patterns [/webjars/**, /**, /swagger-ui*/*swagger-initializer.js, /swagger-ui*/**] in 'resourceHandlerMapping'
2025-09-29 01:33:12 [restartedMain] DEBUG o.s.w.s.m.m.a.RequestMappingHandlerAdapter - ControllerAdvice beans: 0 @ModelAttribute, 0 @InitBinder, 1 RequestBodyAdvice, 1 ResponseBodyAdvice
2025-09-29 01:33:12 [restartedMain] DEBUG o.s.w.s.m.m.a.ExceptionHandlerExceptionResolver - ControllerAdvice beans: 2 @ExceptionHandler, 1 ResponseBodyAdvice
2025-09-29 01:33:13 [restartedMain] INFO  o.s.b.d.a.OptionalLiveReloadServer - LiveReload server is running on port 35729
2025-09-29 01:33:13 [restartedMain] INFO  o.s.b.w.e.tomcat.TomcatWebServer - Tomcat started on port 8080 (http) with context path ''
2025-09-29 01:33:13 [restartedMain] INFO  com.motmap.MotmapApplication - Started MotmapApplication in 6.194 seconds (process running for 6.707)
2025-09-29 01:33:13 [restartedMain] DEBUG org.hibernate.SQL - 
    select
        count(*) 
    from
        restaurants r1_0
2025-09-29 01:33:13 [restartedMain] INFO  com.motmap.config.DataInitializer - 초기 맛집 데이터 생성을 시작합니다.
2025-09-29 01:33:13 [restartedMain] DEBUG org.hibernate.SQL - 
    insert 
    into
        restaurants
        (address, category, created_at, latitude, longitude, name, rating, review, updated_at, id) 
    values
        (?, ?, ?, ?, ?, ?, ?, ?, ?, default)
2025-09-29 01:33:13 [restartedMain] DEBUG com.motmap.config.DataInitializer - 초기 맛집 데이터 저장: 명동교자
2025-09-29 01:33:13 [restartedMain] DEBUG org.hibernate.SQL - 
    insert 
    into
        restaurants
        (address, category, created_at, latitude, longitude, name, rating, review, updated_at, id) 
    values
        (?, ?, ?, ?, ?, ?, ?, ?, ?, default)
2025-09-29 01:33:13 [restartedMain] DEBUG com.motmap.config.DataInitializer - 초기 맛집 데이터 저장: 전주중앙회관
2025-09-29 01:33:13 [restartedMain] DEBUG org.hibernate.SQL - 
    insert 
    into
        restaurants
        (address, category, created_at, latitude, longitude, name, rating, review, updated_at, id) 
    values
        (?, ?, ?, ?, ?, ?, ?, ?, ?, default)
2025-09-29 01:33:13 [restartedMain] DEBUG com.motmap.config.DataInitializer - 초기 맛집 데이터 저장: 스타벅스 명동점
2025-09-29 01:33:13 [restartedMain] DEBUG org.hibernate.SQL - 
    insert 
    into
        restaurants
        (address, category, created_at, latitude, longitude, name, rating, review, updated_at, id) 
    values
        (?, ?, ?, ?, ?, ?, ?, ?, ?, default)
2025-09-29 01:33:13 [restartedMain] DEBUG com.motmap.config.DataInitializer - 초기 맛집 데이터 저장: 교동짬뽕
2025-09-29 01:33:13 [restartedMain] DEBUG org.hibernate.SQL - 
    insert 
    into
        restaurants
        (address, category, created_at, latitude, longitude, name, rating, review, updated_at, id) 
    values
        (?, ?, ?, ?, ?, ?, ?, ?, ?, default)
2025-09-29 01:33:13 [restartedMain] DEBUG com.motmap.config.DataInitializer - 초기 맛집 데이터 저장: 긴자료코
2025-09-29 01:33:13 [restartedMain] INFO  com.motmap.config.DataInitializer - ✅ 초기 맛집 데이터 5개가 성공적으로 생성되었습니다.
2025-09-29 01:33:19 [http-nio-8080-exec-1] INFO  o.a.c.c.C.[Tomcat].[localhost].[/] - Initializing Spring DispatcherServlet 'dispatcherServlet'
2025-09-29 01:33:19 [http-nio-8080-exec-1] INFO  o.s.web.servlet.DispatcherServlet - Initializing Servlet 'dispatcherServlet'
2025-09-29 01:33:19 [http-nio-8080-exec-1] DEBUG o.s.web.servlet.DispatcherServlet - Detected StandardServletMultipartResolver
2025-09-29 01:33:19 [http-nio-8080-exec-1] DEBUG o.s.web.servlet.DispatcherServlet - Detected AcceptHeaderLocaleResolver
2025-09-29 01:33:19 [http-nio-8080-exec-1] DEBUG o.s.web.servlet.DispatcherServlet - Detected FixedThemeResolver
2025-09-29 01:33:19 [http-nio-8080-exec-1] DEBUG o.s.web.servlet.DispatcherServlet - Detected org.springframework.web.servlet.view.DefaultRequestToViewNameTranslator@f4c4bca
2025-09-29 01:33:19 [http-nio-8080-exec-1] DEBUG o.s.web.servlet.DispatcherServlet - Detected org.springframework.web.servlet.support.SessionFlashMapManager@73e098f5
2025-09-29 01:33:19 [http-nio-8080-exec-1] DEBUG o.s.web.servlet.DispatcherServlet - enableLoggingRequestDetails='false': request parameters and headers will be masked to prevent unsafe logging of potentially sensitive data
2025-09-29 01:33:19 [http-nio-8080-exec-1] INFO  o.s.web.servlet.DispatcherServlet - Completed initialization in 2 ms
2025-09-29 01:33:19 [http-nio-8080-exec-1] DEBUG o.s.web.servlet.DispatcherServlet - GET "/", parameters={}
2025-09-29 01:33:19 [http-nio-8080-exec-1] DEBUG o.s.w.s.m.m.a.RequestMappingHandlerMapping - Mapped to com.motmap.controller.ViewController#index()
2025-09-29 01:33:19 [http-nio-8080-exec-1] DEBUG o.s.w.s.v.ContentNegotiatingViewResolver - Selected 'text/html' given [text/html, application/xhtml+xml, image/avif, image/webp, image/apng, application/xml;q=0.9, */*;q=0.8, application/signed-exchange;v=b3;q=0.7]
2025-09-29 01:33:19 [http-nio-8080-exec-1] DEBUG o.s.web.servlet.DispatcherServlet - Completed 200 OK
2025-09-29 01:33:19 [http-nio-8080-exec-3] DEBUG o.s.web.servlet.DispatcherServlet - GET "/css/style.css", parameters={}
2025-09-29 01:33:19 [http-nio-8080-exec-3] DEBUG o.s.w.s.h.SimpleUrlHandlerMapping - Mapped to ResourceHttpRequestHandler [classpath [META-INF/resources/], classpath [resources/], classpath [static/], classpath [public/], ServletContext [/]]
2025-09-29 01:33:19 [http-nio-8080-exec-4] DEBUG o.s.web.servlet.DispatcherServlet - GET "/js/api.js", parameters={}
2025-09-29 01:33:19 [http-nio-8080-exec-2] DEBUG o.s.web.servlet.DispatcherServlet - GET "/js/map.js", parameters={}
2025-09-29 01:33:19 [http-nio-8080-exec-5] DEBUG o.s.web.servlet.DispatcherServlet - GET "/js/main.js", parameters={}
2025-09-29 01:33:19 [http-nio-8080-exec-6] DEBUG o.s.web.servlet.DispatcherServlet - GET "/js/restaurant.js", parameters={}
2025-09-29 01:33:19 [http-nio-8080-exec-5] DEBUG o.s.w.s.h.SimpleUrlHandlerMapping - Mapped to ResourceHttpRequestHandler [classpath [META-INF/resources/], classpath [resources/], classpath [static/], classpath [public/], ServletContext [/]]
2025-09-29 01:33:19 [http-nio-8080-exec-6] DEBUG o.s.w.s.h.SimpleUrlHandlerMapping - Mapped to ResourceHttpRequestHandler [classpath [META-INF/resources/], classpath [resources/], classpath [static/], classpath [public/], ServletContext [/]]
2025-09-29 01:33:19 [http-nio-8080-exec-2] DEBUG o.s.w.s.h.SimpleUrlHandlerMapping - Mapped to ResourceHttpRequestHandler [classpath [META-INF/resources/], classpath [resources/], classpath [static/], classpath [public/], ServletContext [/]]
2025-09-29 01:33:19 [http-nio-8080-exec-4] DEBUG o.s.w.s.h.SimpleUrlHandlerMapping - Mapped to ResourceHttpRequestHandler [classpath [META-INF/resources/], classpath [resources/], classpath [static/], classpath [public/], ServletContext [/]]
2025-09-29 01:33:19 [http-nio-8080-exec-3] DEBUG o.s.web.servlet.DispatcherServlet - Completed 200 OK
2025-09-29 01:33:19 [http-nio-8080-exec-6] DEBUG o.s.web.servlet.DispatcherServlet - Completed 200 OK
2025-09-29 01:33:19 [http-nio-8080-exec-2] DEBUG o.s.web.servlet.DispatcherServlet - Completed 200 OK
2025-09-29 01:33:19 [http-nio-8080-exec-5] DEBUG o.s.web.servlet.DispatcherServlet - Completed 200 OK
2025-09-29 01:33:19 [http-nio-8080-exec-4] DEBUG o.s.web.servlet.DispatcherServlet - Completed 200 OK
2025-09-29 01:33:19 [http-nio-8080-exec-7] DEBUG o.s.web.servlet.DispatcherServlet - GET "/api/restaurants", parameters={}
2025-09-29 01:33:19 [http-nio-8080-exec-7] DEBUG o.s.w.s.m.m.a.RequestMappingHandlerMapping - Mapped to com.motmap.controller.RestaurantController#getAllRestaurants()
2025-09-29 01:33:19 [http-nio-8080-exec-7] DEBUG c.motmap.service.RestaurantService - 전체 맛집 목록 조회 시작
2025-09-29 01:33:19 [http-nio-8080-exec-7] DEBUG org.hibernate.SQL - 
    select
        r1_0.id,
        r1_0.address,
        r1_0.category,
        r1_0.created_at,
        r1_0.latitude,
        r1_0.longitude,
        r1_0.name,
        r1_0.rating,
        r1_0.review,
        r1_0.updated_at 
    from
        restaurants r1_0
2025-09-29 01:33:19 [http-nio-8080-exec-8] DEBUG o.s.web.servlet.DispatcherServlet - GET "/favicon.ico", parameters={}
2025-09-29 01:33:19 [http-nio-8080-exec-8] DEBUG o.s.w.s.h.SimpleUrlHandlerMapping - Mapped to ResourceHttpRequestHandler [classpath [META-INF/resources/], classpath [resources/], classpath [static/], classpath [public/], ServletContext [/]]
2025-09-29 01:33:19 [http-nio-8080-exec-8] DEBUG o.s.w.s.r.ResourceHttpRequestHandler - Resource not found
2025-09-29 01:33:19 [http-nio-8080-exec-8] DEBUG o.s.w.s.m.m.a.ExceptionHandlerExceptionResolver - Using @ExceptionHandler com.motmap.exception.GlobalExceptionHandler#handleGenericException(Exception)
2025-09-29 01:33:19 [http-nio-8080-exec-7] DEBUG c.motmap.service.RestaurantService - 전체 맛집 5개 조회 완료
2025-09-29 01:33:19 [http-nio-8080-exec-8] ERROR c.m.exception.GlobalExceptionHandler - Unexpected error occurred
org.springframework.web.servlet.resource.NoResourceFoundException: No static resource favicon.ico.
	at org.springframework.web.servlet.resource.ResourceHttpRequestHandler.handleRequest(ResourceHttpRequestHandler.java:585)
	at org.springframework.web.servlet.mvc.HttpRequestHandlerAdapter.handle(HttpRequestHandlerAdapter.java:52)
	at org.springframework.web.servlet.DispatcherServlet.doDispatch(DispatcherServlet.java:1089)
	at org.springframework.web.servlet.DispatcherServlet.doService(DispatcherServlet.java:979)
	at org.springframework.web.servlet.FrameworkServlet.processRequest(FrameworkServlet.java:1014)
	at org.springframework.web.servlet.FrameworkServlet.doGet(FrameworkServlet.java:903)
	at jakarta.servlet.http.HttpServlet.service(HttpServlet.java:564)
	at org.springframework.web.servlet.FrameworkServlet.service(FrameworkServlet.java:885)
	at jakarta.servlet.http.HttpServlet.service(HttpServlet.java:658)
	at org.apache.catalina.core.ApplicationFilterChain.internalDoFilter(ApplicationFilterChain.java:205)
	at org.apache.catalina.core.ApplicationFilterChain.doFilter(ApplicationFilterChain.java:149)
	at org.apache.tomcat.websocket.server.WsFilter.doFilter(WsFilter.java:51)
	at org.apache.catalina.core.ApplicationFilterChain.internalDoFilter(ApplicationFilterChain.java:174)
	at org.apache.catalina.core.ApplicationFilterChain.doFilter(ApplicationFilterChain.java:149)
	at org.springframework.web.filter.RequestContextFilter.doFilterInternal(RequestContextFilter.java:100)
	at org.springframework.web.filter.OncePerRequestFilter.doFilter(OncePerRequestFilter.java:116)
	at org.apache.catalina.core.ApplicationFilterChain.internalDoFilter(ApplicationFilterChain.java:174)
	at org.apache.catalina.core.ApplicationFilterChain.doFilter(ApplicationFilterChain.java:149)
	at org.springframework.web.filter.FormContentFilter.doFilterInternal(FormContentFilter.java:93)
	at org.springframework.web.filter.OncePerRequestFilter.doFilter(OncePerRequestFilter.java:116)
	at org.apache.catalina.core.ApplicationFilterChain.internalDoFilter(ApplicationFilterChain.java:174)
	at org.apache.catalina.core.ApplicationFilterChain.doFilter(ApplicationFilterChain.java:149)
	at org.springframework.web.filter.CharacterEncodingFilter.doFilterInternal(CharacterEncodingFilter.java:201)
	at org.springframework.web.filter.OncePerRequestFilter.doFilter(OncePerRequestFilter.java:116)
	at org.apache.catalina.core.ApplicationFilterChain.internalDoFilter(ApplicationFilterChain.java:174)
	at org.apache.catalina.core.ApplicationFilterChain.doFilter(ApplicationFilterChain.java:149)
	at org.apache.catalina.core.StandardWrapperValve.invoke(StandardWrapperValve.java:167)
	at org.apache.catalina.core.StandardContextValve.invoke(StandardContextValve.java:90)
	at org.apache.catalina.authenticator.AuthenticatorBase.invoke(AuthenticatorBase.java:482)
	at org.apache.catalina.core.StandardHostValve.invoke(StandardHostValve.java:115)
	at org.apache.catalina.valves.ErrorReportValve.invoke(ErrorReportValve.java:93)
	at org.apache.catalina.core.StandardEngineValve.invoke(StandardEngineValve.java:74)
	at org.apache.catalina.connector.CoyoteAdapter.service(CoyoteAdapter.java:340)
	at org.apache.coyote.http11.Http11Processor.service(Http11Processor.java:391)
	at org.apache.coyote.AbstractProcessorLight.process(AbstractProcessorLight.java:63)
	at org.apache.coyote.AbstractProtocol$ConnectionHandler.process(AbstractProtocol.java:896)
	at org.apache.tomcat.util.net.NioEndpoint$SocketProcessor.doRun(NioEndpoint.java:1744)
	at org.apache.tomcat.util.net.SocketProcessorBase.run(SocketProcessorBase.java:52)
	at org.apache.tomcat.util.threads.ThreadPoolExecutor.runWorker(ThreadPoolExecutor.java:1191)
	at org.apache.tomcat.util.threads.ThreadPoolExecutor$Worker.run(ThreadPoolExecutor.java:659)
	at org.apache.tomcat.util.threads.TaskThread$WrappingRunnable.run(TaskThread.java:61)
	at java.base/java.lang.Thread.run(Thread.java:842)
2025-09-29 01:33:19 [http-nio-8080-exec-7] DEBUG o.s.w.s.m.m.a.HttpEntityMethodProcessor - Using 'application/json', given [*/*] and supported [application/json, application/*+json]
2025-09-29 01:33:19 [http-nio-8080-exec-7] DEBUG o.s.w.s.m.m.a.HttpEntityMethodProcessor - Writing [[RestaurantResponseDto(id=1, name=명동교자, address=서울특별시 중구 명동2가 25-2, category=KOREAN, categoryDisplay (truncated)...]
2025-09-29 01:33:20 [http-nio-8080-exec-8] DEBUG o.s.w.s.m.m.a.HttpEntityMethodProcessor - Using 'application/json;q=0.8', given [image/avif, image/webp, image/apng, image/svg+xml, image/*, */*;q=0.8] and supported [application/json, application/*+json]
2025-09-29 01:33:20 [http-nio-8080-exec-7] DEBUG o.s.web.servlet.DispatcherServlet - Completed 200 OK
2025-09-29 01:33:20 [http-nio-8080-exec-8] DEBUG o.s.w.s.m.m.a.HttpEntityMethodProcessor - Writing [ErrorResponse(code=C001, message=서버 내부 오류가 발생했습니다, status=500, timestamp=2025-09-29T01:33:19.950745, (truncated)...]
2025-09-29 01:33:20 [http-nio-8080-exec-8] WARN  o.s.w.s.m.m.a.ExceptionHandlerExceptionResolver - Resolved [org.springframework.web.servlet.resource.NoResourceFoundException: No static resource favicon.ico.]
2025-09-29 01:33:20 [http-nio-8080-exec-8] DEBUG o.s.web.servlet.DispatcherServlet - Completed 500 INTERNAL_SERVER_ERROR
2025-09-29 01:33:21 [http-nio-8080-exec-6] DEBUG o.s.web.servlet.DispatcherServlet - GET "/api/restaurants/sorted/rating", parameters={}
2025-09-29 01:33:21 [http-nio-8080-exec-6] DEBUG o.s.w.s.m.m.a.RequestMappingHandlerMapping - Mapped to com.motmap.controller.RestaurantController#getRestaurantsByRatingOrder()
2025-09-29 01:33:21 [http-nio-8080-exec-6] DEBUG c.motmap.service.RestaurantService - 평점순 맛집 정렬 조회
2025-09-29 01:33:21 [http-nio-8080-exec-6] DEBUG org.hibernate.SQL - 
    select
        r1_0.id,
        r1_0.address,
        r1_0.category,
        r1_0.created_at,
        r1_0.latitude,
        r1_0.longitude,
        r1_0.name,
        r1_0.rating,
        r1_0.review,
        r1_0.updated_at 
    from
        restaurants r1_0 
    order by
        r1_0.rating desc
2025-09-29 01:33:21 [http-nio-8080-exec-6] DEBUG o.s.w.s.m.m.a.HttpEntityMethodProcessor - Using 'application/json', given [*/*] and supported [application/json, application/*+json]
2025-09-29 01:33:21 [http-nio-8080-exec-6] DEBUG o.s.w.s.m.m.a.HttpEntityMethodProcessor - Writing [[RestaurantResponseDto(id=2, name=전주중앙회관, address=서울특별시 중구 다동 5-1, category=KOREAN, categoryDisplayN (truncated)...]
2025-09-29 01:33:21 [http-nio-8080-exec-6] DEBUG o.s.web.servlet.DispatcherServlet - Completed 200 OK
2025-09-29 01:33:25 [http-nio-8080-exec-5] DEBUG o.s.web.servlet.DispatcherServlet - GET "/api/restaurants/sorted/rating", parameters={}
2025-09-29 01:33:25 [http-nio-8080-exec-5] DEBUG o.s.w.s.m.m.a.RequestMappingHandlerMapping - Mapped to com.motmap.controller.RestaurantController#getRestaurantsByRatingOrder()
2025-09-29 01:33:25 [http-nio-8080-exec-5] DEBUG c.motmap.service.RestaurantService - 평점순 맛집 정렬 조회
2025-09-29 01:33:25 [http-nio-8080-exec-5] DEBUG org.hibernate.SQL - 
    select
        r1_0.id,
        r1_0.address,
        r1_0.category,
        r1_0.created_at,
        r1_0.latitude,
        r1_0.longitude,
        r1_0.name,
        r1_0.rating,
        r1_0.review,
        r1_0.updated_at 
    from
        restaurants r1_0 
    order by
        r1_0.rating desc
2025-09-29 01:33:25 [http-nio-8080-exec-5] DEBUG o.s.w.s.m.m.a.HttpEntityMethodProcessor - Using 'application/json', given [*/*] and supported [application/json, application/*+json]
2025-09-29 01:33:25 [http-nio-8080-exec-5] DEBUG o.s.w.s.m.m.a.HttpEntityMethodProcessor - Writing [[RestaurantResponseDto(id=2, name=전주중앙회관, address=서울특별시 중구 다동 5-1, category=KOREAN, categoryDisplayN (truncated)...]
2025-09-29 01:33:25 [http-nio-8080-exec-5] DEBUG o.s.web.servlet.DispatcherServlet - Completed 200 OK
2025-09-29 01:33:26 [http-nio-8080-exec-4] DEBUG o.s.web.servlet.DispatcherServlet - GET "/api/restaurants/sorted/rating", parameters={}
2025-09-29 01:33:26 [http-nio-8080-exec-4] DEBUG o.s.w.s.m.m.a.RequestMappingHandlerMapping - Mapped to com.motmap.controller.RestaurantController#getRestaurantsByRatingOrder()
2025-09-29 01:33:26 [http-nio-8080-exec-4] DEBUG c.motmap.service.RestaurantService - 평점순 맛집 정렬 조회
2025-09-29 01:33:26 [http-nio-8080-exec-4] DEBUG org.hibernate.SQL - 
    select
        r1_0.id,
        r1_0.address,
        r1_0.category,
        r1_0.created_at,
        r1_0.latitude,
        r1_0.longitude,
        r1_0.name,
        r1_0.rating,
        r1_0.review,
        r1_0.updated_at 
    from
        restaurants r1_0 
    order by
        r1_0.rating desc
2025-09-29 01:33:26 [http-nio-8080-exec-4] DEBUG o.s.w.s.m.m.a.HttpEntityMethodProcessor - Using 'application/json', given [*/*] and supported [application/json, application/*+json]
2025-09-29 01:33:26 [http-nio-8080-exec-4] DEBUG o.s.w.s.m.m.a.HttpEntityMethodProcessor - Writing [[RestaurantResponseDto(id=2, name=전주중앙회관, address=서울특별시 중구 다동 5-1, category=KOREAN, categoryDisplayN (truncated)...]
2025-09-29 01:33:26 [http-nio-8080-exec-4] DEBUG o.s.web.servlet.DispatcherServlet - Completed 200 OK
2025-09-29 01:33:29 [http-nio-8080-exec-3] DEBUG o.s.web.servlet.DispatcherServlet - GET "/api/restaurants/sorted/rating", parameters={}
2025-09-29 01:33:29 [http-nio-8080-exec-3] DEBUG o.s.w.s.m.m.a.RequestMappingHandlerMapping - Mapped to com.motmap.controller.RestaurantController#getRestaurantsByRatingOrder()
2025-09-29 01:33:29 [http-nio-8080-exec-3] DEBUG c.motmap.service.RestaurantService - 평점순 맛집 정렬 조회
2025-09-29 01:33:29 [http-nio-8080-exec-3] DEBUG org.hibernate.SQL - 
    select
        r1_0.id,
        r1_0.address,
        r1_0.category,
        r1_0.created_at,
        r1_0.latitude,
        r1_0.longitude,
        r1_0.name,
        r1_0.rating,
        r1_0.review,
        r1_0.updated_at 
    from
        restaurants r1_0 
    order by
        r1_0.rating desc
2025-09-29 01:33:29 [http-nio-8080-exec-3] DEBUG o.s.w.s.m.m.a.HttpEntityMethodProcessor - Using 'application/json', given [*/*] and supported [application/json, application/*+json]
2025-09-29 01:33:29 [http-nio-8080-exec-3] DEBUG o.s.w.s.m.m.a.HttpEntityMethodProcessor - Writing [[RestaurantResponseDto(id=2, name=전주중앙회관, address=서울특별시 중구 다동 5-1, category=KOREAN, categoryDisplayN (truncated)...]
2025-09-29 01:33:29 [http-nio-8080-exec-3] DEBUG o.s.web.servlet.DispatcherServlet - Completed 200 OK
2025-09-29 01:33:51 [http-nio-8080-exec-7] DEBUG o.s.web.servlet.DispatcherServlet - GET "/api/restaurants/sorted/rating", parameters={}
2025-09-29 01:33:51 [http-nio-8080-exec-7] DEBUG o.s.w.s.m.m.a.RequestMappingHandlerMapping - Mapped to com.motmap.controller.RestaurantController#getRestaurantsByRatingOrder()
2025-09-29 01:33:51 [http-nio-8080-exec-7] DEBUG c.motmap.service.RestaurantService - 평점순 맛집 정렬 조회
2025-09-29 01:33:51 [http-nio-8080-exec-7] DEBUG org.hibernate.SQL - 
    select
        r1_0.id,
        r1_0.address,
        r1_0.category,
        r1_0.created_at,
        r1_0.latitude,
        r1_0.longitude,
        r1_0.name,
        r1_0.rating,
        r1_0.review,
        r1_0.updated_at 
    from
        restaurants r1_0 
    order by
        r1_0.rating desc
2025-09-29 01:33:51 [http-nio-8080-exec-7] DEBUG o.s.w.s.m.m.a.HttpEntityMethodProcessor - Using 'application/json', given [*/*] and supported [application/json, application/*+json]
2025-09-29 01:33:51 [http-nio-8080-exec-7] DEBUG o.s.w.s.m.m.a.HttpEntityMethodProcessor - Writing [[RestaurantResponseDto(id=2, name=전주중앙회관, address=서울특별시 중구 다동 5-1, category=KOREAN, categoryDisplayN (truncated)...]
2025-09-29 01:33:51 [http-nio-8080-exec-7] DEBUG o.s.web.servlet.DispatcherServlet - Completed 200 OK
2025-09-29 01:33:54 [http-nio-8080-exec-8] DEBUG o.s.web.servlet.DispatcherServlet - GET "/api/restaurants/sorted/rating", parameters={}
2025-09-29 01:33:54 [http-nio-8080-exec-8] DEBUG o.s.w.s.m.m.a.RequestMappingHandlerMapping - Mapped to com.motmap.controller.RestaurantController#getRestaurantsByRatingOrder()
2025-09-29 01:33:54 [http-nio-8080-exec-8] DEBUG c.motmap.service.RestaurantService - 평점순 맛집 정렬 조회
2025-09-29 01:33:54 [http-nio-8080-exec-8] DEBUG org.hibernate.SQL - 
    select
        r1_0.id,
        r1_0.address,
        r1_0.category,
        r1_0.created_at,
        r1_0.latitude,
        r1_0.longitude,
        r1_0.name,
        r1_0.rating,
        r1_0.review,
        r1_0.updated_at 
    from
        restaurants r1_0 
    order by
        r1_0.rating desc
2025-09-29 01:33:54 [http-nio-8080-exec-8] DEBUG o.s.w.s.m.m.a.HttpEntityMethodProcessor - Using 'application/json', given [*/*] and supported [application/json, application/*+json]
2025-09-29 01:33:54 [http-nio-8080-exec-8] DEBUG o.s.w.s.m.m.a.HttpEntityMethodProcessor - Writing [[RestaurantResponseDto(id=2, name=전주중앙회관, address=서울특별시 중구 다동 5-1, category=KOREAN, categoryDisplayN (truncated)...]
2025-09-29 01:33:54 [http-nio-8080-exec-8] DEBUG o.s.web.servlet.DispatcherServlet - Completed 200 OK
2025-09-29 01:43:11 [restartedMain] INFO  com.motmap.MotmapApplication - Starting MotmapApplication using Java 17.0.12 with PID 30612 (C:\Coding\MOTMAP\build\classes\java\main started by ASUS in C:\Coding\MOTMAP)
2025-09-29 01:43:11 [restartedMain] DEBUG com.motmap.MotmapApplication - Running with Spring Boot v3.2.0, Spring v6.1.1
2025-09-29 01:43:11 [restartedMain] INFO  com.motmap.MotmapApplication - No active profile set, falling back to 1 default profile: "default"
2025-09-29 01:43:11 [restartedMain] INFO  o.s.b.d.e.DevToolsPropertyDefaultsPostProcessor - Devtools property defaults active! Set 'spring.devtools.add-properties' to 'false' to disable
2025-09-29 01:43:11 [restartedMain] INFO  o.s.b.d.e.DevToolsPropertyDefaultsPostProcessor - For additional web related logging consider setting the 'logging.level.web' property to 'DEBUG'
2025-09-29 01:43:12 [restartedMain] INFO  o.s.d.r.c.RepositoryConfigurationDelegate - Bootstrapping Spring Data JPA repositories in DEFAULT mode.
2025-09-29 01:43:13 [restartedMain] INFO  o.s.d.r.c.RepositoryConfigurationDelegate - Finished Spring Data repository scanning in 64 ms. Found 1 JPA repository interface.
2025-09-29 01:43:13 [restartedMain] INFO  o.s.b.w.e.tomcat.TomcatWebServer - Tomcat initialized with port 8080 (http)
2025-09-29 01:43:13 [restartedMain] INFO  o.a.catalina.core.StandardService - Starting service [Tomcat]
2025-09-29 01:43:13 [restartedMain] INFO  o.a.catalina.core.StandardEngine - Starting Servlet engine: [Apache Tomcat/10.1.16]
2025-09-29 01:43:14 [restartedMain] INFO  o.a.c.c.C.[Tomcat].[localhost].[/] - Initializing Spring embedded WebApplicationContext
2025-09-29 01:43:14 [restartedMain] INFO  o.s.b.w.s.c.ServletWebServerApplicationContext - Root WebApplicationContext: initialization completed in 2046 ms
2025-09-29 01:43:14 [restartedMain] INFO  com.zaxxer.hikari.HikariDataSource - HikariPool-1 - Starting...
2025-09-29 01:43:14 [restartedMain] INFO  com.zaxxer.hikari.pool.HikariPool - HikariPool-1 - Added connection conn0: url=jdbc:h2:mem:motmap user=SA
2025-09-29 01:43:14 [restartedMain] INFO  com.zaxxer.hikari.HikariDataSource - HikariPool-1 - Start completed.
2025-09-29 01:43:14 [restartedMain] INFO  o.s.b.a.h.H2ConsoleAutoConfiguration - H2 console available at '/h2-console'. Database available at 'jdbc:h2:mem:motmap'
2025-09-29 01:43:14 [restartedMain] INFO  o.h.jpa.internal.util.LogHelper - HHH000204: Processing PersistenceUnitInfo [name: default]
2025-09-29 01:43:14 [restartedMain] INFO  org.hibernate.Version - HHH000412: Hibernate ORM core version 6.3.1.Final
2025-09-29 01:43:14 [restartedMain] INFO  o.h.c.i.RegionFactoryInitiator - HHH000026: Second-level cache disabled
2025-09-29 01:43:14 [restartedMain] INFO  o.s.o.j.p.SpringPersistenceUnitInfo - No LoadTimeWeaver setup: ignoring JPA class transformer
2025-09-29 01:43:14 [restartedMain] WARN  org.hibernate.orm.deprecation - HHH90000025: H2Dialect does not need to be specified explicitly using 'hibernate.dialect' (remove the property setting and it will be selected by default)
2025-09-29 01:43:16 [restartedMain] INFO  o.h.e.t.j.p.i.JtaPlatformInitiator - HHH000489: No JTA platform available (set 'hibernate.transaction.jta.platform' to enable JTA platform integration)
2025-09-29 01:43:16 [restartedMain] DEBUG org.hibernate.SQL - 
    drop table if exists restaurants cascade 
2025-09-29 01:43:16 [restartedMain] DEBUG org.hibernate.SQL - 
    create table restaurants (
        latitude float(53) not null,
        longitude float(53) not null,
        rating integer not null,
        created_at timestamp(6) not null,
        id bigint generated by default as identity,
        updated_at timestamp(6),
        review varchar(1000),
        address varchar(255) not null,
        category varchar(255) not null check (category in ('KOREAN','CHINESE','JAPANESE','WESTERN','CAFE','ETC')),
        name varchar(255) not null,
        primary key (id)
    )
2025-09-29 01:43:16 [restartedMain] DEBUG org.hibernate.SQL - 
    create index idx_restaurant_category 
       on restaurants (category)
2025-09-29 01:43:16 [restartedMain] DEBUG org.hibernate.SQL - 
    create index idx_restaurant_rating 
       on restaurants (rating)
2025-09-29 01:43:16 [restartedMain] DEBUG org.hibernate.SQL - 
    create index idx_restaurant_location 
       on restaurants (latitude, longitude)
2025-09-29 01:43:16 [restartedMain] DEBUG org.hibernate.SQL - 
    create index idx_restaurant_created_at 
       on restaurants (created_at)
2025-09-29 01:43:16 [restartedMain] INFO  o.s.o.j.LocalContainerEntityManagerFactoryBean - Initialized JPA EntityManagerFactory for persistence unit 'default'
2025-09-29 01:43:16 [restartedMain] INFO  o.s.d.j.r.query.QueryEnhancerFactory - Hibernate is in classpath; If applicable, HQL parser will be used.
2025-09-29 01:43:17 [restartedMain] WARN  o.s.b.a.o.j.JpaBaseConfiguration$JpaWebConfiguration - spring.jpa.open-in-view is enabled by default. Therefore, database queries may be performed during view rendering. Explicitly configure spring.jpa.open-in-view to disable this warning
2025-09-29 01:43:17 [restartedMain] INFO  o.s.b.a.w.s.WelcomePageHandlerMapping - Adding welcome page template: index
2025-09-29 01:43:17 [restartedMain] DEBUG o.s.w.s.m.m.a.RequestMappingHandlerMapping - 20 mappings in 'requestMappingHandlerMapping'
2025-09-29 01:43:17 [restartedMain] DEBUG o.s.w.s.h.SimpleUrlHandlerMapping - Patterns [/webjars/**, /**, /swagger-ui*/*swagger-initializer.js, /swagger-ui*/**] in 'resourceHandlerMapping'
2025-09-29 01:43:17 [restartedMain] DEBUG o.s.w.s.m.m.a.RequestMappingHandlerAdapter - ControllerAdvice beans: 0 @ModelAttribute, 0 @InitBinder, 1 RequestBodyAdvice, 1 ResponseBodyAdvice
2025-09-29 01:43:17 [restartedMain] DEBUG o.s.w.s.m.m.a.ExceptionHandlerExceptionResolver - ControllerAdvice beans: 2 @ExceptionHandler, 1 ResponseBodyAdvice
2025-09-29 01:43:18 [restartedMain] INFO  o.s.b.d.a.OptionalLiveReloadServer - LiveReload server is running on port 35729
2025-09-29 01:43:18 [restartedMain] INFO  o.s.b.w.e.tomcat.TomcatWebServer - Tomcat started on port 8080 (http) with context path ''
2025-09-29 01:43:18 [restartedMain] INFO  com.motmap.MotmapApplication - Started MotmapApplication in 6.802 seconds (process running for 7.366)
2025-09-29 01:43:18 [restartedMain] DEBUG org.hibernate.SQL - 
    select
        count(*) 
    from
        restaurants r1_0
2025-09-29 01:43:18 [restartedMain] INFO  com.motmap.config.DataInitializer - 초기 맛집 데이터 생성을 시작합니다.
2025-09-29 01:43:18 [http-nio-8080-exec-1] INFO  o.a.c.c.C.[Tomcat].[localhost].[/] - Initializing Spring DispatcherServlet 'dispatcherServlet'
2025-09-29 01:43:18 [http-nio-8080-exec-1] INFO  o.s.web.servlet.DispatcherServlet - Initializing Servlet 'dispatcherServlet'
2025-09-29 01:43:18 [http-nio-8080-exec-1] DEBUG o.s.web.servlet.DispatcherServlet - Detected StandardServletMultipartResolver
2025-09-29 01:43:18 [http-nio-8080-exec-1] DEBUG o.s.web.servlet.DispatcherServlet - Detected AcceptHeaderLocaleResolver
2025-09-29 01:43:18 [http-nio-8080-exec-1] DEBUG o.s.web.servlet.DispatcherServlet - Detected FixedThemeResolver
2025-09-29 01:43:18 [http-nio-8080-exec-1] DEBUG o.s.web.servlet.DispatcherServlet - Detected org.springframework.web.servlet.view.DefaultRequestToViewNameTranslator@4dfce6d5
2025-09-29 01:43:18 [http-nio-8080-exec-1] DEBUG o.s.web.servlet.DispatcherServlet - Detected org.springframework.web.servlet.support.SessionFlashMapManager@185835da
2025-09-29 01:43:18 [restartedMain] DEBUG org.hibernate.SQL - 
    insert 
    into
        restaurants
        (address, category, created_at, latitude, longitude, name, rating, review, updated_at, id) 
    values
        (?, ?, ?, ?, ?, ?, ?, ?, ?, default)
2025-09-29 01:43:18 [http-nio-8080-exec-1] DEBUG o.s.web.servlet.DispatcherServlet - enableLoggingRequestDetails='false': request parameters and headers will be masked to prevent unsafe logging of potentially sensitive data
2025-09-29 01:43:18 [http-nio-8080-exec-1] INFO  o.s.web.servlet.DispatcherServlet - Completed initialization in 2 ms
2025-09-29 01:43:18 [http-nio-8080-exec-1] DEBUG o.s.web.servlet.DispatcherServlet - GET "/", parameters={}
2025-09-29 01:43:18 [restartedMain] DEBUG com.motmap.config.DataInitializer - 초기 맛집 데이터 저장: 명동교자
2025-09-29 01:43:18 [restartedMain] DEBUG org.hibernate.SQL - 
    insert 
    into
        restaurants
        (address, category, created_at, latitude, longitude, name, rating, review, updated_at, id) 
    values
        (?, ?, ?, ?, ?, ?, ?, ?, ?, default)
2025-09-29 01:43:18 [restartedMain] DEBUG com.motmap.config.DataInitializer - 초기 맛집 데이터 저장: 전주중앙회관
2025-09-29 01:43:18 [restartedMain] DEBUG org.hibernate.SQL - 
    insert 
    into
        restaurants
        (address, category, created_at, latitude, longitude, name, rating, review, updated_at, id) 
    values
        (?, ?, ?, ?, ?, ?, ?, ?, ?, default)
2025-09-29 01:43:18 [http-nio-8080-exec-1] DEBUG o.s.w.s.m.m.a.RequestMappingHandlerMapping - Mapped to com.motmap.controller.ViewController#index()
2025-09-29 01:43:18 [restartedMain] DEBUG com.motmap.config.DataInitializer - 초기 맛집 데이터 저장: 스타벅스 명동점
2025-09-29 01:43:18 [restartedMain] DEBUG org.hibernate.SQL - 
    insert 
    into
        restaurants
        (address, category, created_at, latitude, longitude, name, rating, review, updated_at, id) 
    values
        (?, ?, ?, ?, ?, ?, ?, ?, ?, default)
2025-09-29 01:43:18 [restartedMain] DEBUG com.motmap.config.DataInitializer - 초기 맛집 데이터 저장: 교동짬뽕
2025-09-29 01:43:18 [restartedMain] DEBUG org.hibernate.SQL - 
    insert 
    into
        restaurants
        (address, category, created_at, latitude, longitude, name, rating, review, updated_at, id) 
    values
        (?, ?, ?, ?, ?, ?, ?, ?, ?, default)
2025-09-29 01:43:18 [restartedMain] DEBUG com.motmap.config.DataInitializer - 초기 맛집 데이터 저장: 긴자료코
2025-09-29 01:43:18 [restartedMain] INFO  com.motmap.config.DataInitializer - ✅ 초기 맛집 데이터 5개가 성공적으로 생성되었습니다.
2025-09-29 01:43:18 [http-nio-8080-exec-1] DEBUG o.s.w.s.v.ContentNegotiatingViewResolver - Selected 'text/html' given [text/html, application/xhtml+xml, image/avif, image/webp, image/apng, application/xml;q=0.9, */*;q=0.8, application/signed-exchange;v=b3;q=0.7]
2025-09-29 01:43:18 [http-nio-8080-exec-1] DEBUG o.s.web.servlet.DispatcherServlet - Completed 200 OK
2025-09-29 01:43:18 [http-nio-8080-exec-2] DEBUG o.s.web.servlet.DispatcherServlet - GET "/css/style.css", parameters={}
2025-09-29 01:43:18 [http-nio-8080-exec-4] DEBUG o.s.web.servlet.DispatcherServlet - GET "/js/api.js", parameters={}
2025-09-29 01:43:18 [http-nio-8080-exec-5] DEBUG o.s.web.servlet.DispatcherServlet - GET "/js/map.js", parameters={}
2025-09-29 01:43:18 [http-nio-8080-exec-3] DEBUG o.s.web.servlet.DispatcherServlet - GET "/js/restaurant.js", parameters={}
2025-09-29 01:43:18 [http-nio-8080-exec-8] DEBUG o.s.web.servlet.DispatcherServlet - GET "/js/main.js", parameters={}
2025-09-29 01:43:18 [http-nio-8080-exec-4] DEBUG o.s.w.s.h.SimpleUrlHandlerMapping - Mapped to ResourceHttpRequestHandler [classpath [META-INF/resources/], classpath [resources/], classpath [static/], classpath [public/], ServletContext [/]]
2025-09-29 01:43:18 [http-nio-8080-exec-8] DEBUG o.s.w.s.h.SimpleUrlHandlerMapping - Mapped to ResourceHttpRequestHandler [classpath [META-INF/resources/], classpath [resources/], classpath [static/], classpath [public/], ServletContext [/]]
2025-09-29 01:43:18 [http-nio-8080-exec-5] DEBUG o.s.w.s.h.SimpleUrlHandlerMapping - Mapped to ResourceHttpRequestHandler [classpath [META-INF/resources/], classpath [resources/], classpath [static/], classpath [public/], ServletContext [/]]
2025-09-29 01:43:18 [http-nio-8080-exec-3] DEBUG o.s.w.s.h.SimpleUrlHandlerMapping - Mapped to ResourceHttpRequestHandler [classpath [META-INF/resources/], classpath [resources/], classpath [static/], classpath [public/], ServletContext [/]]
2025-09-29 01:43:18 [http-nio-8080-exec-2] DEBUG o.s.w.s.h.SimpleUrlHandlerMapping - Mapped to ResourceHttpRequestHandler [classpath [META-INF/resources/], classpath [resources/], classpath [static/], classpath [public/], ServletContext [/]]
2025-09-29 01:43:18 [http-nio-8080-exec-5] DEBUG o.s.web.servlet.DispatcherServlet - Completed 200 OK
2025-09-29 01:43:18 [http-nio-8080-exec-4] DEBUG o.s.web.servlet.DispatcherServlet - Completed 200 OK
2025-09-29 01:43:18 [http-nio-8080-exec-2] DEBUG o.s.web.servlet.DispatcherServlet - Completed 200 OK
2025-09-29 01:43:18 [http-nio-8080-exec-8] DEBUG o.s.web.servlet.DispatcherServlet - Completed 200 OK
2025-09-29 01:43:18 [http-nio-8080-exec-3] DEBUG o.s.web.servlet.DispatcherServlet - Completed 200 OK
2025-09-29 01:43:18 [http-nio-8080-exec-9] DEBUG o.s.web.servlet.DispatcherServlet - GET "/api/restaurants", parameters={}
2025-09-29 01:43:18 [http-nio-8080-exec-9] DEBUG o.s.w.s.m.m.a.RequestMappingHandlerMapping - Mapped to com.motmap.controller.RestaurantController#getAllRestaurants()
2025-09-29 01:43:18 [http-nio-8080-exec-9] DEBUG c.motmap.service.RestaurantService - 전체 맛집 목록 조회 시작
2025-09-29 01:43:18 [http-nio-8080-exec-9] DEBUG org.hibernate.SQL - 
    select
        r1_0.id,
        r1_0.address,
        r1_0.category,
        r1_0.created_at,
        r1_0.latitude,
        r1_0.longitude,
        r1_0.name,
        r1_0.rating,
        r1_0.review,
        r1_0.updated_at 
    from
        restaurants r1_0
2025-09-29 01:43:18 [http-nio-8080-exec-6] DEBUG o.s.web.servlet.DispatcherServlet - GET "/favicon.ico", parameters={}
2025-09-29 01:43:18 [http-nio-8080-exec-6] DEBUG o.s.w.s.h.SimpleUrlHandlerMapping - Mapped to ResourceHttpRequestHandler [classpath [META-INF/resources/], classpath [resources/], classpath [static/], classpath [public/], ServletContext [/]]
2025-09-29 01:43:18 [http-nio-8080-exec-6] DEBUG o.s.w.s.r.ResourceHttpRequestHandler - Resource not found
2025-09-29 01:43:18 [http-nio-8080-exec-9] DEBUG c.motmap.service.RestaurantService - 전체 맛집 5개 조회 완료
2025-09-29 01:43:18 [http-nio-8080-exec-6] DEBUG o.s.w.s.m.m.a.ExceptionHandlerExceptionResolver - Using @ExceptionHandler com.motmap.exception.GlobalExceptionHandler#handleGenericException(Exception)
2025-09-29 01:43:18 [http-nio-8080-exec-6] ERROR c.m.exception.GlobalExceptionHandler - Unexpected error occurred
org.springframework.web.servlet.resource.NoResourceFoundException: No static resource favicon.ico.
	at org.springframework.web.servlet.resource.ResourceHttpRequestHandler.handleRequest(ResourceHttpRequestHandler.java:585)
	at org.springframework.web.servlet.mvc.HttpRequestHandlerAdapter.handle(HttpRequestHandlerAdapter.java:52)
	at org.springframework.web.servlet.DispatcherServlet.doDispatch(DispatcherServlet.java:1089)
	at org.springframework.web.servlet.DispatcherServlet.doService(DispatcherServlet.java:979)
	at org.springframework.web.servlet.FrameworkServlet.processRequest(FrameworkServlet.java:1014)
	at org.springframework.web.servlet.FrameworkServlet.doGet(FrameworkServlet.java:903)
	at jakarta.servlet.http.HttpServlet.service(HttpServlet.java:564)
	at org.springframework.web.servlet.FrameworkServlet.service(FrameworkServlet.java:885)
	at jakarta.servlet.http.HttpServlet.service(HttpServlet.java:658)
	at org.apache.catalina.core.ApplicationFilterChain.internalDoFilter(ApplicationFilterChain.java:205)
	at org.apache.catalina.core.ApplicationFilterChain.doFilter(ApplicationFilterChain.java:149)
	at org.apache.tomcat.websocket.server.WsFilter.doFilter(WsFilter.java:51)
	at org.apache.catalina.core.ApplicationFilterChain.internalDoFilter(ApplicationFilterChain.java:174)
	at org.apache.catalina.core.ApplicationFilterChain.doFilter(ApplicationFilterChain.java:149)
	at org.springframework.web.filter.RequestContextFilter.doFilterInternal(RequestContextFilter.java:100)
	at org.springframework.web.filter.OncePerRequestFilter.doFilter(OncePerRequestFilter.java:116)
	at org.apache.catalina.core.ApplicationFilterChain.internalDoFilter(ApplicationFilterChain.java:174)
	at org.apache.catalina.core.ApplicationFilterChain.doFilter(ApplicationFilterChain.java:149)
	at org.springframework.web.filter.FormContentFilter.doFilterInternal(FormContentFilter.java:93)
	at org.springframework.web.filter.OncePerRequestFilter.doFilter(OncePerRequestFilter.java:116)
	at org.apache.catalina.core.ApplicationFilterChain.internalDoFilter(ApplicationFilterChain.java:174)
	at org.apache.catalina.core.ApplicationFilterChain.doFilter(ApplicationFilterChain.java:149)
	at org.springframework.web.filter.CharacterEncodingFilter.doFilterInternal(CharacterEncodingFilter.java:201)
	at org.springframework.web.filter.OncePerRequestFilter.doFilter(OncePerRequestFilter.java:116)
	at org.apache.catalina.core.ApplicationFilterChain.internalDoFilter(ApplicationFilterChain.java:174)
	at org.apache.catalina.core.ApplicationFilterChain.doFilter(ApplicationFilterChain.java:149)
	at org.apache.catalina.core.StandardWrapperValve.invoke(StandardWrapperValve.java:167)
	at org.apache.catalina.core.StandardContextValve.invoke(StandardContextValve.java:90)
	at org.apache.catalina.authenticator.AuthenticatorBase.invoke(AuthenticatorBase.java:482)
	at org.apache.catalina.core.StandardHostValve.invoke(StandardHostValve.java:115)
	at org.apache.catalina.valves.ErrorReportValve.invoke(ErrorReportValve.java:93)
	at org.apache.catalina.core.StandardEngineValve.invoke(StandardEngineValve.java:74)
	at org.apache.catalina.connector.CoyoteAdapter.service(CoyoteAdapter.java:340)
	at org.apache.coyote.http11.Http11Processor.service(Http11Processor.java:391)
	at org.apache.coyote.AbstractProcessorLight.process(AbstractProcessorLight.java:63)
	at org.apache.coyote.AbstractProtocol$ConnectionHandler.process(AbstractProtocol.java:896)
	at org.apache.tomcat.util.net.NioEndpoint$SocketProcessor.doRun(NioEndpoint.java:1744)
	at org.apache.tomcat.util.net.SocketProcessorBase.run(SocketProcessorBase.java:52)
	at org.apache.tomcat.util.threads.ThreadPoolExecutor.runWorker(ThreadPoolExecutor.java:1191)
	at org.apache.tomcat.util.threads.ThreadPoolExecutor$Worker.run(ThreadPoolExecutor.java:659)
	at org.apache.tomcat.util.threads.TaskThread$WrappingRunnable.run(TaskThread.java:61)
	at java.base/java.lang.Thread.run(Thread.java:842)
2025-09-29 01:43:19 [http-nio-8080-exec-9] DEBUG o.s.w.s.m.m.a.HttpEntityMethodProcessor - Using 'application/json', given [*/*] and supported [application/json, application/*+json]
2025-09-29 01:43:19 [http-nio-8080-exec-9] DEBUG o.s.w.s.m.m.a.HttpEntityMethodProcessor - Writing [[RestaurantResponseDto(id=1, name=명동교자, address=서울특별시 중구 명동2가 25-2, category=KOREAN, categoryDisplay (truncated)...]
2025-09-29 01:43:19 [http-nio-8080-exec-6] DEBUG o.s.w.s.m.m.a.HttpEntityMethodProcessor - Using 'application/json;q=0.8', given [image/avif, image/webp, image/apng, image/svg+xml, image/*, */*;q=0.8] and supported [application/json, application/*+json]
2025-09-29 01:43:19 [http-nio-8080-exec-9] DEBUG o.s.web.servlet.DispatcherServlet - Completed 200 OK
2025-09-29 01:43:19 [http-nio-8080-exec-6] DEBUG o.s.w.s.m.m.a.HttpEntityMethodProcessor - Writing [ErrorResponse(code=C001, message=서버 내부 오류가 발생했습니다, status=500, timestamp=2025-09-29T01:43:19.0000624 (truncated)...]
2025-09-29 01:43:19 [http-nio-8080-exec-6] WARN  o.s.w.s.m.m.a.ExceptionHandlerExceptionResolver - Resolved [org.springframework.web.servlet.resource.NoResourceFoundException: No static resource favicon.ico.]
2025-09-29 01:43:19 [http-nio-8080-exec-6] DEBUG o.s.web.servlet.DispatcherServlet - Completed 500 INTERNAL_SERVER_ERROR
2025-09-29 01:43:43 [http-nio-8080-exec-2] DEBUG o.s.web.servlet.DispatcherServlet - POST "/api/restaurants", parameters={}
2025-09-29 01:43:43 [http-nio-8080-exec-2] DEBUG o.s.w.s.m.m.a.RequestMappingHandlerMapping - Mapped to com.motmap.controller.RestaurantController#addRestaurant(RestaurantRequestDto)
2025-09-29 01:43:43 [http-nio-8080-exec-2] DEBUG o.s.w.s.m.m.a.RequestResponseBodyMethodProcessor - Read "application/json;charset=UTF-8" to [RestaurantRequestDto(name=신멘, address=경기 안양시 동안구 호계동 1278, category=JAPANESE, rating=5, review=라멘 맛집 (truncated)...]
2025-09-29 01:43:43 [http-nio-8080-exec-2] DEBUG c.motmap.service.RestaurantService - 맛집 추가 시작 - 이름: 신멘, 주소: 경기 안양시 동안구 호계동 1278
2025-09-29 01:43:43 [http-nio-8080-exec-2] DEBUG org.hibernate.SQL - 
    select
        r1_0.id 
    from
        restaurants r1_0 
    where
        r1_0.name=? 
        and r1_0.address=? 
    fetch
        first ? rows only
2025-09-29 01:43:43 [http-nio-8080-exec-2] DEBUG org.hibernate.SQL - 
    insert 
    into
        restaurants
        (address, category, created_at, latitude, longitude, name, rating, review, updated_at, id) 
    values
        (?, ?, ?, ?, ?, ?, ?, ?, ?, default)
2025-09-29 01:43:43 [http-nio-8080-exec-2] INFO  c.motmap.service.RestaurantService - 맛집 추가 완료 - ID: 6, 이름: 신멘
2025-09-29 01:43:43 [http-nio-8080-exec-2] DEBUG o.s.w.s.m.m.a.HttpEntityMethodProcessor - Using 'application/json', given [*/*] and supported [application/json, application/*+json]
2025-09-29 01:43:43 [http-nio-8080-exec-2] DEBUG o.s.w.s.m.m.a.HttpEntityMethodProcessor - Writing [RestaurantResponseDto(id=6, name=신멘, address=경기 안양시 동안구 호계동 1278, category=JAPANESE, categoryDisplay (truncated)...]
2025-09-29 01:43:43 [http-nio-8080-exec-2] DEBUG o.s.web.servlet.DispatcherServlet - Completed 201 CREATED
2025-09-29 01:43:43 [http-nio-8080-exec-5] DEBUG o.s.web.servlet.DispatcherServlet - GET "/api/restaurants", parameters={}
2025-09-29 01:43:43 [http-nio-8080-exec-5] DEBUG o.s.w.s.m.m.a.RequestMappingHandlerMapping - Mapped to com.motmap.controller.RestaurantController#getAllRestaurants()
2025-09-29 01:43:43 [http-nio-8080-exec-5] DEBUG c.motmap.service.RestaurantService - 전체 맛집 목록 조회 시작
2025-09-29 01:43:43 [http-nio-8080-exec-5] DEBUG org.hibernate.SQL - 
    select
        r1_0.id,
        r1_0.address,
        r1_0.category,
        r1_0.created_at,
        r1_0.latitude,
        r1_0.longitude,
        r1_0.name,
        r1_0.rating,
        r1_0.review,
        r1_0.updated_at 
    from
        restaurants r1_0
2025-09-29 01:43:43 [http-nio-8080-exec-5] DEBUG c.motmap.service.RestaurantService - 전체 맛집 6개 조회 완료
2025-09-29 01:43:43 [http-nio-8080-exec-5] DEBUG o.s.w.s.m.m.a.HttpEntityMethodProcessor - Using 'application/json', given [*/*] and supported [application/json, application/*+json]
2025-09-29 01:43:43 [http-nio-8080-exec-5] DEBUG o.s.w.s.m.m.a.HttpEntityMethodProcessor - Writing [[RestaurantResponseDto(id=1, name=명동교자, address=서울특별시 중구 명동2가 25-2, category=KOREAN, categoryDisplay (truncated)...]
2025-09-29 01:43:43 [http-nio-8080-exec-5] DEBUG o.s.web.servlet.DispatcherServlet - Completed 200 OK
2025-09-29 01:44:03 [http-nio-8080-exec-8] DEBUG o.s.web.servlet.DispatcherServlet - DELETE "/api/restaurants/6", parameters={}
2025-09-29 01:44:03 [http-nio-8080-exec-8] DEBUG o.s.w.s.m.m.a.RequestMappingHandlerMapping - Mapped to com.motmap.controller.RestaurantController#deleteRestaurant(Long)
2025-09-29 01:44:03 [http-nio-8080-exec-8] DEBUG c.motmap.service.RestaurantService - 맛집 삭제 시작 - ID: 6
2025-09-29 01:44:03 [http-nio-8080-exec-8] DEBUG org.hibernate.SQL - 
    select
        count(*) 
    from
        restaurants r1_0 
    where
        r1_0.id=?
2025-09-29 01:44:03 [http-nio-8080-exec-8] DEBUG org.hibernate.SQL - 
    select
        r1_0.id,
        r1_0.address,
        r1_0.category,
        r1_0.created_at,
        r1_0.latitude,
        r1_0.longitude,
        r1_0.name,
        r1_0.rating,
        r1_0.review,
        r1_0.updated_at 
    from
        restaurants r1_0 
    where
        r1_0.id=?
2025-09-29 01:44:03 [http-nio-8080-exec-8] INFO  c.motmap.service.RestaurantService - 맛집 삭제 완료 - ID: 6
2025-09-29 01:44:03 [http-nio-8080-exec-8] DEBUG org.hibernate.SQL - 
    delete 
    from
        restaurants 
    where
        id=?
2025-09-29 01:44:03 [http-nio-8080-exec-8] DEBUG o.s.w.s.m.m.a.HttpEntityMethodProcessor - Using 'application/json', given [*/*] and supported [application/json, application/*+json]
2025-09-29 01:44:03 [http-nio-8080-exec-8] DEBUG o.s.w.s.m.m.a.HttpEntityMethodProcessor - Nothing to write: null body
2025-09-29 01:44:03 [http-nio-8080-exec-8] DEBUG o.s.web.servlet.DispatcherServlet - Completed 204 NO_CONTENT
2025-09-29 01:44:03 [http-nio-8080-exec-3] DEBUG o.s.web.servlet.DispatcherServlet - GET "/api/restaurants", parameters={}
2025-09-29 01:44:03 [http-nio-8080-exec-3] DEBUG o.s.w.s.m.m.a.RequestMappingHandlerMapping - Mapped to com.motmap.controller.RestaurantController#getAllRestaurants()
2025-09-29 01:44:03 [http-nio-8080-exec-3] DEBUG c.motmap.service.RestaurantService - 전체 맛집 목록 조회 시작
2025-09-29 01:44:03 [http-nio-8080-exec-3] DEBUG org.hibernate.SQL - 
    select
        r1_0.id,
        r1_0.address,
        r1_0.category,
        r1_0.created_at,
        r1_0.latitude,
        r1_0.longitude,
        r1_0.name,
        r1_0.rating,
        r1_0.review,
        r1_0.updated_at 
    from
        restaurants r1_0
2025-09-29 01:44:03 [http-nio-8080-exec-3] DEBUG c.motmap.service.RestaurantService - 전체 맛집 5개 조회 완료
2025-09-29 01:44:03 [http-nio-8080-exec-3] DEBUG o.s.w.s.m.m.a.HttpEntityMethodProcessor - Using 'application/json', given [*/*] and supported [application/json, application/*+json]
2025-09-29 01:44:03 [http-nio-8080-exec-3] DEBUG o.s.w.s.m.m.a.HttpEntityMethodProcessor - Writing [[RestaurantResponseDto(id=1, name=명동교자, address=서울특별시 중구 명동2가 25-2, category=KOREAN, categoryDisplay (truncated)...]
2025-09-29 01:44:03 [http-nio-8080-exec-3] DEBUG o.s.web.servlet.DispatcherServlet - Completed 200 OK
2025-09-29 01:44:12 [http-nio-8080-exec-9] DEBUG o.s.web.servlet.DispatcherServlet - GET "/", parameters={}
2025-09-29 01:44:12 [http-nio-8080-exec-9] DEBUG o.s.w.s.m.m.a.RequestMappingHandlerMapping - Mapped to com.motmap.controller.ViewController#index()
2025-09-29 01:44:12 [http-nio-8080-exec-9] DEBUG o.s.w.s.v.ContentNegotiatingViewResolver - Selected 'text/html' given [text/html, application/xhtml+xml, image/avif, image/webp, image/apng, application/xml;q=0.9, */*;q=0.8, application/signed-exchange;v=b3;q=0.7]
2025-09-29 01:44:12 [http-nio-8080-exec-9] DEBUG o.s.web.servlet.DispatcherServlet - Completed 200 OK
2025-09-29 01:44:12 [http-nio-8080-exec-6] DEBUG o.s.web.servlet.DispatcherServlet - GET "/css/style.css", parameters={}
2025-09-29 01:44:12 [http-nio-8080-exec-6] DEBUG o.s.w.s.h.SimpleUrlHandlerMapping - Mapped to ResourceHttpRequestHandler [classpath [META-INF/resources/], classpath [resources/], classpath [static/], classpath [public/], ServletContext [/]]
2025-09-29 01:44:12 [http-nio-8080-exec-1] DEBUG o.s.web.servlet.DispatcherServlet - GET "/js/map.js", parameters={}
2025-09-29 01:44:12 [http-nio-8080-exec-7] DEBUG o.s.web.servlet.DispatcherServlet - GET "/js/api.js", parameters={}
2025-09-29 01:44:12 [http-nio-8080-exec-4] DEBUG o.s.web.servlet.DispatcherServlet - GET "/js/restaurant.js", parameters={}
2025-09-29 01:44:12 [http-nio-8080-exec-10] DEBUG o.s.web.servlet.DispatcherServlet - GET "/js/main.js", parameters={}
2025-09-29 01:44:12 [http-nio-8080-exec-4] DEBUG o.s.w.s.h.SimpleUrlHandlerMapping - Mapped to ResourceHttpRequestHandler [classpath [META-INF/resources/], classpath [resources/], classpath [static/], classpath [public/], ServletContext [/]]
2025-09-29 01:44:12 [http-nio-8080-exec-1] DEBUG o.s.w.s.h.SimpleUrlHandlerMapping - Mapped to ResourceHttpRequestHandler [classpath [META-INF/resources/], classpath [resources/], classpath [static/], classpath [public/], ServletContext [/]]
2025-09-29 01:44:12 [http-nio-8080-exec-7] DEBUG o.s.w.s.h.SimpleUrlHandlerMapping - Mapped to ResourceHttpRequestHandler [classpath [META-INF/resources/], classpath [resources/], classpath [static/], classpath [public/], ServletContext [/]]
2025-09-29 01:44:12 [http-nio-8080-exec-10] DEBUG o.s.w.s.h.SimpleUrlHandlerMapping - Mapped to ResourceHttpRequestHandler [classpath [META-INF/resources/], classpath [resources/], classpath [static/], classpath [public/], ServletContext [/]]
2025-09-29 01:44:12 [http-nio-8080-exec-6] DEBUG o.s.web.servlet.DispatcherServlet - Completed 200 OK
2025-09-29 01:44:12 [http-nio-8080-exec-1] DEBUG o.s.web.servlet.DispatcherServlet - Completed 200 OK
2025-09-29 01:44:12 [http-nio-8080-exec-4] DEBUG o.s.web.servlet.DispatcherServlet - Completed 200 OK
2025-09-29 01:44:12 [http-nio-8080-exec-10] DEBUG o.s.web.servlet.DispatcherServlet - Completed 200 OK
2025-09-29 01:44:12 [http-nio-8080-exec-7] DEBUG o.s.web.servlet.DispatcherServlet - Completed 200 OK
2025-09-29 01:44:12 [http-nio-8080-exec-2] DEBUG o.s.web.servlet.DispatcherServlet - GET "/api/restaurants", parameters={}
2025-09-29 01:44:12 [http-nio-8080-exec-2] DEBUG o.s.w.s.m.m.a.RequestMappingHandlerMapping - Mapped to com.motmap.controller.RestaurantController#getAllRestaurants()
2025-09-29 01:44:12 [http-nio-8080-exec-2] DEBUG c.motmap.service.RestaurantService - 전체 맛집 목록 조회 시작
2025-09-29 01:44:12 [http-nio-8080-exec-2] DEBUG org.hibernate.SQL - 
    select
        r1_0.id,
        r1_0.address,
        r1_0.category,
        r1_0.created_at,
        r1_0.latitude,
        r1_0.longitude,
        r1_0.name,
        r1_0.rating,
        r1_0.review,
        r1_0.updated_at 
    from
        restaurants r1_0
2025-09-29 01:44:12 [http-nio-8080-exec-2] DEBUG c.motmap.service.RestaurantService - 전체 맛집 5개 조회 완료
2025-09-29 01:44:12 [http-nio-8080-exec-2] DEBUG o.s.w.s.m.m.a.HttpEntityMethodProcessor - Using 'application/json', given [*/*] and supported [application/json, application/*+json]
2025-09-29 01:44:12 [http-nio-8080-exec-2] DEBUG o.s.w.s.m.m.a.HttpEntityMethodProcessor - Writing [[RestaurantResponseDto(id=1, name=명동교자, address=서울특별시 중구 명동2가 25-2, category=KOREAN, categoryDisplay (truncated)...]
2025-09-29 01:44:12 [http-nio-8080-exec-2] DEBUG o.s.web.servlet.DispatcherServlet - Completed 200 OK
2025-09-29 01:44:12 [http-nio-8080-exec-5] DEBUG o.s.web.servlet.DispatcherServlet - GET "/favicon.ico", parameters={}
2025-09-29 01:44:12 [http-nio-8080-exec-5] DEBUG o.s.w.s.h.SimpleUrlHandlerMapping - Mapped to ResourceHttpRequestHandler [classpath [META-INF/resources/], classpath [resources/], classpath [static/], classpath [public/], ServletContext [/]]
2025-09-29 01:44:12 [http-nio-8080-exec-5] DEBUG o.s.w.s.r.ResourceHttpRequestHandler - Resource not found
2025-09-29 01:44:12 [http-nio-8080-exec-5] DEBUG o.s.w.s.m.m.a.ExceptionHandlerExceptionResolver - Using @ExceptionHandler com.motmap.exception.GlobalExceptionHandler#handleGenericException(Exception)
2025-09-29 01:44:12 [http-nio-8080-exec-5] ERROR c.m.exception.GlobalExceptionHandler - Unexpected error occurred
org.springframework.web.servlet.resource.NoResourceFoundException: No static resource favicon.ico.
	at org.springframework.web.servlet.resource.ResourceHttpRequestHandler.handleRequest(ResourceHttpRequestHandler.java:585)
	at org.springframework.web.servlet.mvc.HttpRequestHandlerAdapter.handle(HttpRequestHandlerAdapter.java:52)
	at org.springframework.web.servlet.DispatcherServlet.doDispatch(DispatcherServlet.java:1089)
	at org.springframework.web.servlet.DispatcherServlet.doService(DispatcherServlet.java:979)
	at org.springframework.web.servlet.FrameworkServlet.processRequest(FrameworkServlet.java:1014)
	at org.springframework.web.servlet.FrameworkServlet.doGet(FrameworkServlet.java:903)
	at jakarta.servlet.http.HttpServlet.service(HttpServlet.java:564)
	at org.springframework.web.servlet.FrameworkServlet.service(FrameworkServlet.java:885)
	at jakarta.servlet.http.HttpServlet.service(HttpServlet.java:658)
	at org.apache.catalina.core.ApplicationFilterChain.internalDoFilter(ApplicationFilterChain.java:205)
	at org.apache.catalina.core.ApplicationFilterChain.doFilter(ApplicationFilterChain.java:149)
	at org.apache.tomcat.websocket.server.WsFilter.doFilter(WsFilter.java:51)
	at org.apache.catalina.core.ApplicationFilterChain.internalDoFilter(ApplicationFilterChain.java:174)
	at org.apache.catalina.core.ApplicationFilterChain.doFilter(ApplicationFilterChain.java:149)
	at org.springframework.web.filter.RequestContextFilter.doFilterInternal(RequestContextFilter.java:100)
	at org.springframework.web.filter.OncePerRequestFilter.doFilter(OncePerRequestFilter.java:116)
	at org.apache.catalina.core.ApplicationFilterChain.internalDoFilter(ApplicationFilterChain.java:174)
	at org.apache.catalina.core.ApplicationFilterChain.doFilter(ApplicationFilterChain.java:149)
	at org.springframework.web.filter.FormContentFilter.doFilterInternal(FormContentFilter.java:93)
	at org.springframework.web.filter.OncePerRequestFilter.doFilter(OncePerRequestFilter.java:116)
	at org.apache.catalina.core.ApplicationFilterChain.internalDoFilter(ApplicationFilterChain.java:174)
	at org.apache.catalina.core.ApplicationFilterChain.doFilter(ApplicationFilterChain.java:149)
	at org.springframework.web.filter.CharacterEncodingFilter.doFilterInternal(CharacterEncodingFilter.java:201)
	at org.springframework.web.filter.OncePerRequestFilter.doFilter(OncePerRequestFilter.java:116)
	at org.apache.catalina.core.ApplicationFilterChain.internalDoFilter(ApplicationFilterChain.java:174)
	at org.apache.catalina.core.ApplicationFilterChain.doFilter(ApplicationFilterChain.java:149)
	at org.apache.catalina.core.StandardWrapperValve.invoke(StandardWrapperValve.java:167)
	at org.apache.catalina.core.StandardContextValve.invoke(StandardContextValve.java:90)
	at org.apache.catalina.authenticator.AuthenticatorBase.invoke(AuthenticatorBase.java:482)
	at org.apache.catalina.core.StandardHostValve.invoke(StandardHostValve.java:115)
	at org.apache.catalina.valves.ErrorReportValve.invoke(ErrorReportValve.java:93)
	at org.apache.catalina.core.StandardEngineValve.invoke(StandardEngineValve.java:74)
	at org.apache.catalina.connector.CoyoteAdapter.service(CoyoteAdapter.java:340)
	at org.apache.coyote.http11.Http11Processor.service(Http11Processor.java:391)
	at org.apache.coyote.AbstractProcessorLight.process(AbstractProcessorLight.java:63)
	at org.apache.coyote.AbstractProtocol$ConnectionHandler.process(AbstractProtocol.java:896)
	at org.apache.tomcat.util.net.NioEndpoint$SocketProcessor.doRun(NioEndpoint.java:1744)
	at org.apache.tomcat.util.net.SocketProcessorBase.run(SocketProcessorBase.java:52)
	at org.apache.tomcat.util.threads.ThreadPoolExecutor.runWorker(ThreadPoolExecutor.java:1191)
	at org.apache.tomcat.util.threads.ThreadPoolExecutor$Worker.run(ThreadPoolExecutor.java:659)
	at org.apache.tomcat.util.threads.TaskThread$WrappingRunnable.run(TaskThread.java:61)
	at java.base/java.lang.Thread.run(Thread.java:842)
2025-09-29 01:44:12 [http-nio-8080-exec-5] DEBUG o.s.w.s.m.m.a.HttpEntityMethodProcessor - Using 'application/json;q=0.8', given [image/avif, image/webp, image/apng, image/svg+xml, image/*, */*;q=0.8] and supported [application/json, application/*+json]
2025-09-29 01:44:12 [http-nio-8080-exec-5] DEBUG o.s.w.s.m.m.a.HttpEntityMethodProcessor - Writing [ErrorResponse(code=C001, message=서버 내부 오류가 발생했습니다, status=500, timestamp=2025-09-29T01:44:12.6725877 (truncated)...]
2025-09-29 01:44:12 [http-nio-8080-exec-5] WARN  o.s.w.s.m.m.a.ExceptionHandlerExceptionResolver - Resolved [org.springframework.web.servlet.resource.NoResourceFoundException: No static resource favicon.ico.]
2025-09-29 01:44:12 [http-nio-8080-exec-5] DEBUG o.s.web.servlet.DispatcherServlet - Completed 500 INTERNAL_SERVER_ERROR
2025-09-29 01:44:36 [http-nio-8080-exec-8] DEBUG o.s.web.servlet.DispatcherServlet - POST "/api/restaurants", parameters={}
2025-09-29 01:44:36 [http-nio-8080-exec-8] DEBUG o.s.w.s.m.m.a.RequestMappingHandlerMapping - Mapped to com.motmap.controller.RestaurantController#addRestaurant(RestaurantRequestDto)
2025-09-29 01:44:36 [http-nio-8080-exec-8] DEBUG o.s.w.s.m.m.a.RequestResponseBodyMethodProcessor - Read "application/json;charset=UTF-8" to [RestaurantRequestDto(name=신멘, address=경기 안양시 동안구 호계동 1278, category=JAPANESE, rating=5, review=라멘 맛집 (truncated)...]
2025-09-29 01:44:36 [http-nio-8080-exec-8] DEBUG c.motmap.service.RestaurantService - 맛집 추가 시작 - 이름: 신멘, 주소: 경기 안양시 동안구 호계동 1278
2025-09-29 01:44:36 [http-nio-8080-exec-8] DEBUG org.hibernate.SQL - 
    select
        r1_0.id 
    from
        restaurants r1_0 
    where
        r1_0.name=? 
        and r1_0.address=? 
    fetch
        first ? rows only
2025-09-29 01:44:36 [http-nio-8080-exec-8] DEBUG org.hibernate.SQL - 
    insert 
    into
        restaurants
        (address, category, created_at, latitude, longitude, name, rating, review, updated_at, id) 
    values
        (?, ?, ?, ?, ?, ?, ?, ?, ?, default)
2025-09-29 01:44:36 [http-nio-8080-exec-8] INFO  c.motmap.service.RestaurantService - 맛집 추가 완료 - ID: 7, 이름: 신멘
2025-09-29 01:44:36 [http-nio-8080-exec-8] DEBUG o.s.w.s.m.m.a.HttpEntityMethodProcessor - Using 'application/json', given [*/*] and supported [application/json, application/*+json]
2025-09-29 01:44:36 [http-nio-8080-exec-8] DEBUG o.s.w.s.m.m.a.HttpEntityMethodProcessor - Writing [RestaurantResponseDto(id=7, name=신멘, address=경기 안양시 동안구 호계동 1278, category=JAPANESE, categoryDisplay (truncated)...]
2025-09-29 01:44:36 [http-nio-8080-exec-8] DEBUG o.s.web.servlet.DispatcherServlet - Completed 201 CREATED
2025-09-29 01:44:36 [http-nio-8080-exec-3] DEBUG o.s.web.servlet.DispatcherServlet - GET "/api/restaurants", parameters={}
2025-09-29 01:44:36 [http-nio-8080-exec-3] DEBUG o.s.w.s.m.m.a.RequestMappingHandlerMapping - Mapped to com.motmap.controller.RestaurantController#getAllRestaurants()
2025-09-29 01:44:36 [http-nio-8080-exec-3] DEBUG c.motmap.service.RestaurantService - 전체 맛집 목록 조회 시작
2025-09-29 01:44:36 [http-nio-8080-exec-3] DEBUG org.hibernate.SQL - 
    select
        r1_0.id,
        r1_0.address,
        r1_0.category,
        r1_0.created_at,
        r1_0.latitude,
        r1_0.longitude,
        r1_0.name,
        r1_0.rating,
        r1_0.review,
        r1_0.updated_at 
    from
        restaurants r1_0
2025-09-29 01:44:36 [http-nio-8080-exec-3] DEBUG c.motmap.service.RestaurantService - 전체 맛집 6개 조회 완료
2025-09-29 01:44:36 [http-nio-8080-exec-3] DEBUG o.s.w.s.m.m.a.HttpEntityMethodProcessor - Using 'application/json', given [*/*] and supported [application/json, application/*+json]
2025-09-29 01:44:36 [http-nio-8080-exec-3] DEBUG o.s.w.s.m.m.a.HttpEntityMethodProcessor - Writing [[RestaurantResponseDto(id=1, name=명동교자, address=서울특별시 중구 명동2가 25-2, category=KOREAN, categoryDisplay (truncated)...]
2025-09-29 01:44:36 [http-nio-8080-exec-3] DEBUG o.s.web.servlet.DispatcherServlet - Completed 200 OK
2025-09-29 01:44:44 [restartedMain] INFO  com.motmap.MotmapApplication - Starting MotmapApplication using Java 17.0.12 with PID 15664 (C:\Coding\MOTMAP\build\classes\java\main started by ASUS in C:\Coding\MOTMAP)
2025-09-29 01:44:44 [restartedMain] DEBUG com.motmap.MotmapApplication - Running with Spring Boot v3.2.0, Spring v6.1.1
2025-09-29 01:44:44 [restartedMain] INFO  com.motmap.MotmapApplication - No active profile set, falling back to 1 default profile: "default"
2025-09-29 01:44:44 [restartedMain] INFO  o.s.b.d.e.DevToolsPropertyDefaultsPostProcessor - Devtools property defaults active! Set 'spring.devtools.add-properties' to 'false' to disable
2025-09-29 01:44:44 [restartedMain] INFO  o.s.b.d.e.DevToolsPropertyDefaultsPostProcessor - For additional web related logging consider setting the 'logging.level.web' property to 'DEBUG'
2025-09-29 01:44:45 [restartedMain] INFO  o.s.d.r.c.RepositoryConfigurationDelegate - Bootstrapping Spring Data JPA repositories in DEFAULT mode.
2025-09-29 01:44:45 [restartedMain] INFO  o.s.d.r.c.RepositoryConfigurationDelegate - Finished Spring Data repository scanning in 62 ms. Found 1 JPA repository interface.
2025-09-29 01:44:46 [restartedMain] INFO  o.s.b.w.e.tomcat.TomcatWebServer - Tomcat initialized with port 8080 (http)
2025-09-29 01:44:46 [restartedMain] INFO  o.a.catalina.core.StandardService - Starting service [Tomcat]
2025-09-29 01:44:46 [restartedMain] INFO  o.a.catalina.core.StandardEngine - Starting Servlet engine: [Apache Tomcat/10.1.16]
2025-09-29 01:44:46 [restartedMain] INFO  o.a.c.c.C.[Tomcat].[localhost].[/] - Initializing Spring embedded WebApplicationContext
2025-09-29 01:44:46 [restartedMain] INFO  o.s.b.w.s.c.ServletWebServerApplicationContext - Root WebApplicationContext: initialization completed in 2081 ms
2025-09-29 01:44:46 [restartedMain] INFO  com.zaxxer.hikari.HikariDataSource - HikariPool-1 - Starting...
2025-09-29 01:44:46 [restartedMain] INFO  com.zaxxer.hikari.pool.HikariPool - HikariPool-1 - Added connection conn0: url=jdbc:h2:mem:motmap user=SA
2025-09-29 01:44:46 [restartedMain] INFO  com.zaxxer.hikari.HikariDataSource - HikariPool-1 - Start completed.
2025-09-29 01:44:46 [restartedMain] INFO  o.s.b.a.h.H2ConsoleAutoConfiguration - H2 console available at '/h2-console'. Database available at 'jdbc:h2:mem:motmap'
2025-09-29 01:44:46 [restartedMain] INFO  o.h.jpa.internal.util.LogHelper - HHH000204: Processing PersistenceUnitInfo [name: default]
2025-09-29 01:44:47 [restartedMain] INFO  org.hibernate.Version - HHH000412: Hibernate ORM core version 6.3.1.Final
2025-09-29 01:44:47 [restartedMain] INFO  o.h.c.i.RegionFactoryInitiator - HHH000026: Second-level cache disabled
2025-09-29 01:44:47 [restartedMain] INFO  o.s.o.j.p.SpringPersistenceUnitInfo - No LoadTimeWeaver setup: ignoring JPA class transformer
2025-09-29 01:44:47 [restartedMain] WARN  org.hibernate.orm.deprecation - HHH90000025: H2Dialect does not need to be specified explicitly using 'hibernate.dialect' (remove the property setting and it will be selected by default)
2025-09-29 01:44:48 [restartedMain] INFO  o.h.e.t.j.p.i.JtaPlatformInitiator - HHH000489: No JTA platform available (set 'hibernate.transaction.jta.platform' to enable JTA platform integration)
2025-09-29 01:44:48 [restartedMain] DEBUG org.hibernate.SQL - 
    drop table if exists restaurants cascade 
2025-09-29 01:44:48 [restartedMain] DEBUG org.hibernate.SQL - 
    create table restaurants (
        latitude float(53) not null,
        longitude float(53) not null,
        rating integer not null,
        created_at timestamp(6) not null,
        id bigint generated by default as identity,
        updated_at timestamp(6),
        review varchar(1000),
        address varchar(255) not null,
        category varchar(255) not null check (category in ('KOREAN','CHINESE','JAPANESE','WESTERN','CAFE','ETC')),
        name varchar(255) not null,
        primary key (id)
    )
2025-09-29 01:44:48 [restartedMain] DEBUG org.hibernate.SQL - 
    create index idx_restaurant_category 
       on restaurants (category)
2025-09-29 01:44:48 [restartedMain] DEBUG org.hibernate.SQL - 
    create index idx_restaurant_rating 
       on restaurants (rating)
2025-09-29 01:44:48 [restartedMain] DEBUG org.hibernate.SQL - 
    create index idx_restaurant_location 
       on restaurants (latitude, longitude)
2025-09-29 01:44:48 [restartedMain] DEBUG org.hibernate.SQL - 
    create index idx_restaurant_created_at 
       on restaurants (created_at)
2025-09-29 01:44:48 [restartedMain] INFO  o.s.o.j.LocalContainerEntityManagerFactoryBean - Initialized JPA EntityManagerFactory for persistence unit 'default'
2025-09-29 01:44:49 [restartedMain] INFO  o.s.d.j.r.query.QueryEnhancerFactory - Hibernate is in classpath; If applicable, HQL parser will be used.
2025-09-29 01:44:50 [restartedMain] WARN  o.s.b.a.o.j.JpaBaseConfiguration$JpaWebConfiguration - spring.jpa.open-in-view is enabled by default. Therefore, database queries may be performed during view rendering. Explicitly configure spring.jpa.open-in-view to disable this warning
2025-09-29 01:44:50 [restartedMain] INFO  o.s.b.a.w.s.WelcomePageHandlerMapping - Adding welcome page template: index
2025-09-29 01:44:50 [restartedMain] DEBUG o.s.w.s.m.m.a.RequestMappingHandlerMapping - 20 mappings in 'requestMappingHandlerMapping'
2025-09-29 01:44:50 [restartedMain] DEBUG o.s.w.s.h.SimpleUrlHandlerMapping - Patterns [/webjars/**, /**, /swagger-ui*/*swagger-initializer.js, /swagger-ui*/**] in 'resourceHandlerMapping'
2025-09-29 01:44:50 [restartedMain] DEBUG o.s.w.s.m.m.a.RequestMappingHandlerAdapter - ControllerAdvice beans: 0 @ModelAttribute, 0 @InitBinder, 1 RequestBodyAdvice, 1 ResponseBodyAdvice
2025-09-29 01:44:50 [restartedMain] DEBUG o.s.w.s.m.m.a.ExceptionHandlerExceptionResolver - ControllerAdvice beans: 2 @ExceptionHandler, 1 ResponseBodyAdvice
2025-09-29 01:44:50 [restartedMain] INFO  o.s.b.d.a.OptionalLiveReloadServer - LiveReload server is running on port 35729
2025-09-29 01:44:50 [restartedMain] INFO  o.s.b.w.e.tomcat.TomcatWebServer - Tomcat started on port 8080 (http) with context path ''
2025-09-29 01:44:50 [restartedMain] INFO  com.motmap.MotmapApplication - Started MotmapApplication in 6.741 seconds (process running for 7.202)
2025-09-29 01:44:50 [restartedMain] DEBUG org.hibernate.SQL - 
    select
        count(*) 
    from
        restaurants r1_0
2025-09-29 01:44:50 [restartedMain] INFO  com.motmap.config.DataInitializer - 초기 맛집 데이터 생성을 시작합니다.
2025-09-29 01:44:50 [restartedMain] DEBUG org.hibernate.SQL - 
    insert 
    into
        restaurants
        (address, category, created_at, latitude, longitude, name, rating, review, updated_at, id) 
    values
        (?, ?, ?, ?, ?, ?, ?, ?, ?, default)
2025-09-29 01:44:50 [restartedMain] DEBUG com.motmap.config.DataInitializer - 초기 맛집 데이터 저장: 명동교자
2025-09-29 01:44:50 [restartedMain] DEBUG org.hibernate.SQL - 
    insert 
    into
        restaurants
        (address, category, created_at, latitude, longitude, name, rating, review, updated_at, id) 
    values
        (?, ?, ?, ?, ?, ?, ?, ?, ?, default)
2025-09-29 01:44:50 [restartedMain] DEBUG com.motmap.config.DataInitializer - 초기 맛집 데이터 저장: 전주중앙회관
2025-09-29 01:44:50 [restartedMain] DEBUG org.hibernate.SQL - 
    insert 
    into
        restaurants
        (address, category, created_at, latitude, longitude, name, rating, review, updated_at, id) 
    values
        (?, ?, ?, ?, ?, ?, ?, ?, ?, default)
2025-09-29 01:44:50 [restartedMain] DEBUG com.motmap.config.DataInitializer - 초기 맛집 데이터 저장: 스타벅스 명동점
2025-09-29 01:44:50 [restartedMain] DEBUG org.hibernate.SQL - 
    insert 
    into
        restaurants
        (address, category, created_at, latitude, longitude, name, rating, review, updated_at, id) 
    values
        (?, ?, ?, ?, ?, ?, ?, ?, ?, default)
2025-09-29 01:44:50 [restartedMain] DEBUG com.motmap.config.DataInitializer - 초기 맛집 데이터 저장: 교동짬뽕
2025-09-29 01:44:50 [restartedMain] DEBUG org.hibernate.SQL - 
    insert 
    into
        restaurants
        (address, category, created_at, latitude, longitude, name, rating, review, updated_at, id) 
    values
        (?, ?, ?, ?, ?, ?, ?, ?, ?, default)
2025-09-29 01:44:50 [restartedMain] DEBUG com.motmap.config.DataInitializer - 초기 맛집 데이터 저장: 긴자료코
2025-09-29 01:44:50 [restartedMain] INFO  com.motmap.config.DataInitializer - ✅ 초기 맛집 데이터 5개가 성공적으로 생성되었습니다.
2025-09-29 01:44:51 [http-nio-8080-exec-1] INFO  o.a.c.c.C.[Tomcat].[localhost].[/] - Initializing Spring DispatcherServlet 'dispatcherServlet'
2025-09-29 01:44:51 [http-nio-8080-exec-1] INFO  o.s.web.servlet.DispatcherServlet - Initializing Servlet 'dispatcherServlet'
2025-09-29 01:44:51 [http-nio-8080-exec-1] DEBUG o.s.web.servlet.DispatcherServlet - Detected StandardServletMultipartResolver
2025-09-29 01:44:51 [http-nio-8080-exec-1] DEBUG o.s.web.servlet.DispatcherServlet - Detected AcceptHeaderLocaleResolver
2025-09-29 01:44:51 [http-nio-8080-exec-1] DEBUG o.s.web.servlet.DispatcherServlet - Detected FixedThemeResolver
2025-09-29 01:44:51 [http-nio-8080-exec-1] DEBUG o.s.web.servlet.DispatcherServlet - Detected org.springframework.web.servlet.view.DefaultRequestToViewNameTranslator@4dfce6d5
2025-09-29 01:44:51 [http-nio-8080-exec-1] DEBUG o.s.web.servlet.DispatcherServlet - Detected org.springframework.web.servlet.support.SessionFlashMapManager@185835da
2025-09-29 01:44:51 [http-nio-8080-exec-1] DEBUG o.s.web.servlet.DispatcherServlet - enableLoggingRequestDetails='false': request parameters and headers will be masked to prevent unsafe logging of potentially sensitive data
2025-09-29 01:44:51 [http-nio-8080-exec-1] INFO  o.s.web.servlet.DispatcherServlet - Completed initialization in 5 ms
2025-09-29 01:44:51 [http-nio-8080-exec-1] DEBUG o.s.web.servlet.DispatcherServlet - GET "/", parameters={}
2025-09-29 01:44:51 [http-nio-8080-exec-1] DEBUG o.s.w.s.m.m.a.RequestMappingHandlerMapping - Mapped to com.motmap.controller.ViewController#index()
2025-09-29 01:44:51 [http-nio-8080-exec-1] DEBUG o.s.w.s.v.ContentNegotiatingViewResolver - Selected 'text/html' given [text/html, application/xhtml+xml, image/avif, image/webp, image/apng, application/xml;q=0.9, */*;q=0.8, application/signed-exchange;v=b3;q=0.7]
2025-09-29 01:44:51 [http-nio-8080-exec-1] DEBUG o.s.web.servlet.DispatcherServlet - Completed 200 OK
2025-09-29 01:44:51 [http-nio-8080-exec-2] DEBUG o.s.web.servlet.DispatcherServlet - GET "/css/style.css", parameters={}
2025-09-29 01:44:51 [http-nio-8080-exec-5] DEBUG o.s.web.servlet.DispatcherServlet - GET "/js/restaurant.js", parameters={}
2025-09-29 01:44:51 [http-nio-8080-exec-6] DEBUG o.s.web.servlet.DispatcherServlet - GET "/js/main.js", parameters={}
2025-09-29 01:44:51 [http-nio-8080-exec-4] DEBUG o.s.web.servlet.DispatcherServlet - GET "/js/map.js", parameters={}
2025-09-29 01:44:51 [http-nio-8080-exec-2] DEBUG o.s.w.s.h.SimpleUrlHandlerMapping - Mapped to ResourceHttpRequestHandler [classpath [META-INF/resources/], classpath [resources/], classpath [static/], classpath [public/], ServletContext [/]]
2025-09-29 01:44:51 [http-nio-8080-exec-3] DEBUG o.s.web.servlet.DispatcherServlet - GET "/js/api.js", parameters={}
2025-09-29 01:44:51 [http-nio-8080-exec-4] DEBUG o.s.w.s.h.SimpleUrlHandlerMapping - Mapped to ResourceHttpRequestHandler [classpath [META-INF/resources/], classpath [resources/], classpath [static/], classpath [public/], ServletContext [/]]
2025-09-29 01:44:51 [http-nio-8080-exec-3] DEBUG o.s.w.s.h.SimpleUrlHandlerMapping - Mapped to ResourceHttpRequestHandler [classpath [META-INF/resources/], classpath [resources/], classpath [static/], classpath [public/], ServletContext [/]]
2025-09-29 01:44:51 [http-nio-8080-exec-5] DEBUG o.s.w.s.h.SimpleUrlHandlerMapping - Mapped to ResourceHttpRequestHandler [classpath [META-INF/resources/], classpath [resources/], classpath [static/], classpath [public/], ServletContext [/]]
2025-09-29 01:44:51 [http-nio-8080-exec-6] DEBUG o.s.w.s.h.SimpleUrlHandlerMapping - Mapped to ResourceHttpRequestHandler [classpath [META-INF/resources/], classpath [resources/], classpath [static/], classpath [public/], ServletContext [/]]
2025-09-29 01:44:51 [http-nio-8080-exec-4] DEBUG o.s.web.servlet.DispatcherServlet - Completed 200 OK
2025-09-29 01:44:51 [http-nio-8080-exec-5] DEBUG o.s.web.servlet.DispatcherServlet - Completed 200 OK
2025-09-29 01:44:51 [http-nio-8080-exec-2] DEBUG o.s.web.servlet.DispatcherServlet - Completed 200 OK
2025-09-29 01:44:51 [http-nio-8080-exec-3] DEBUG o.s.web.servlet.DispatcherServlet - Completed 200 OK
2025-09-29 01:44:51 [http-nio-8080-exec-6] DEBUG o.s.web.servlet.DispatcherServlet - Completed 200 OK
2025-09-29 01:44:51 [http-nio-8080-exec-7] DEBUG o.s.web.servlet.DispatcherServlet - GET "/api/restaurants", parameters={}
2025-09-29 01:44:51 [http-nio-8080-exec-7] DEBUG o.s.w.s.m.m.a.RequestMappingHandlerMapping - Mapped to com.motmap.controller.RestaurantController#getAllRestaurants()
2025-09-29 01:44:51 [http-nio-8080-exec-7] DEBUG c.motmap.service.RestaurantService - 전체 맛집 목록 조회 시작
2025-09-29 01:44:51 [http-nio-8080-exec-7] DEBUG org.hibernate.SQL - 
    select
        r1_0.id,
        r1_0.address,
        r1_0.category,
        r1_0.created_at,
        r1_0.latitude,
        r1_0.longitude,
        r1_0.name,
        r1_0.rating,
        r1_0.review,
        r1_0.updated_at 
    from
        restaurants r1_0
2025-09-29 01:44:51 [http-nio-8080-exec-8] DEBUG o.s.web.servlet.DispatcherServlet - GET "/favicon.ico", parameters={}
2025-09-29 01:44:51 [http-nio-8080-exec-7] DEBUG c.motmap.service.RestaurantService - 전체 맛집 5개 조회 완료
2025-09-29 01:44:51 [http-nio-8080-exec-8] DEBUG o.s.w.s.h.SimpleUrlHandlerMapping - Mapped to ResourceHttpRequestHandler [classpath [META-INF/resources/], classpath [resources/], classpath [static/], classpath [public/], ServletContext [/]]
2025-09-29 01:44:51 [http-nio-8080-exec-8] DEBUG o.s.w.s.r.ResourceHttpRequestHandler - Resource not found
2025-09-29 01:44:51 [http-nio-8080-exec-8] DEBUG o.s.w.s.m.m.a.ExceptionHandlerExceptionResolver - Using @ExceptionHandler com.motmap.exception.GlobalExceptionHandler#handleGenericException(Exception)
2025-09-29 01:44:51 [http-nio-8080-exec-8] ERROR c.m.exception.GlobalExceptionHandler - Unexpected error occurred
org.springframework.web.servlet.resource.NoResourceFoundException: No static resource favicon.ico.
	at org.springframework.web.servlet.resource.ResourceHttpRequestHandler.handleRequest(ResourceHttpRequestHandler.java:585)
	at org.springframework.web.servlet.mvc.HttpRequestHandlerAdapter.handle(HttpRequestHandlerAdapter.java:52)
	at org.springframework.web.servlet.DispatcherServlet.doDispatch(DispatcherServlet.java:1089)
	at org.springframework.web.servlet.DispatcherServlet.doService(DispatcherServlet.java:979)
	at org.springframework.web.servlet.FrameworkServlet.processRequest(FrameworkServlet.java:1014)
	at org.springframework.web.servlet.FrameworkServlet.doGet(FrameworkServlet.java:903)
	at jakarta.servlet.http.HttpServlet.service(HttpServlet.java:564)
	at org.springframework.web.servlet.FrameworkServlet.service(FrameworkServlet.java:885)
	at jakarta.servlet.http.HttpServlet.service(HttpServlet.java:658)
	at org.apache.catalina.core.ApplicationFilterChain.internalDoFilter(ApplicationFilterChain.java:205)
	at org.apache.catalina.core.ApplicationFilterChain.doFilter(ApplicationFilterChain.java:149)
	at org.apache.tomcat.websocket.server.WsFilter.doFilter(WsFilter.java:51)
	at org.apache.catalina.core.ApplicationFilterChain.internalDoFilter(ApplicationFilterChain.java:174)
	at org.apache.catalina.core.ApplicationFilterChain.doFilter(ApplicationFilterChain.java:149)
	at org.springframework.web.filter.RequestContextFilter.doFilterInternal(RequestContextFilter.java:100)
	at org.springframework.web.filter.OncePerRequestFilter.doFilter(OncePerRequestFilter.java:116)
	at org.apache.catalina.core.ApplicationFilterChain.internalDoFilter(ApplicationFilterChain.java:174)
	at org.apache.catalina.core.ApplicationFilterChain.doFilter(ApplicationFilterChain.java:149)
	at org.springframework.web.filter.FormContentFilter.doFilterInternal(FormContentFilter.java:93)
	at org.springframework.web.filter.OncePerRequestFilter.doFilter(OncePerRequestFilter.java:116)
	at org.apache.catalina.core.ApplicationFilterChain.internalDoFilter(ApplicationFilterChain.java:174)
	at org.apache.catalina.core.ApplicationFilterChain.doFilter(ApplicationFilterChain.java:149)
	at org.springframework.web.filter.CharacterEncodingFilter.doFilterInternal(CharacterEncodingFilter.java:201)
	at org.springframework.web.filter.OncePerRequestFilter.doFilter(OncePerRequestFilter.java:116)
	at org.apache.catalina.core.ApplicationFilterChain.internalDoFilter(ApplicationFilterChain.java:174)
	at org.apache.catalina.core.ApplicationFilterChain.doFilter(ApplicationFilterChain.java:149)
	at org.apache.catalina.core.StandardWrapperValve.invoke(StandardWrapperValve.java:167)
	at org.apache.catalina.core.StandardContextValve.invoke(StandardContextValve.java:90)
	at org.apache.catalina.authenticator.AuthenticatorBase.invoke(AuthenticatorBase.java:482)
	at org.apache.catalina.core.StandardHostValve.invoke(StandardHostValve.java:115)
	at org.apache.catalina.valves.ErrorReportValve.invoke(ErrorReportValve.java:93)
	at org.apache.catalina.core.StandardEngineValve.invoke(StandardEngineValve.java:74)
	at org.apache.catalina.connector.CoyoteAdapter.service(CoyoteAdapter.java:340)
	at org.apache.coyote.http11.Http11Processor.service(Http11Processor.java:391)
	at org.apache.coyote.AbstractProcessorLight.process(AbstractProcessorLight.java:63)
	at org.apache.coyote.AbstractProtocol$ConnectionHandler.process(AbstractProtocol.java:896)
	at org.apache.tomcat.util.net.NioEndpoint$SocketProcessor.doRun(NioEndpoint.java:1744)
	at org.apache.tomcat.util.net.SocketProcessorBase.run(SocketProcessorBase.java:52)
	at org.apache.tomcat.util.threads.ThreadPoolExecutor.runWorker(ThreadPoolExecutor.java:1191)
	at org.apache.tomcat.util.threads.ThreadPoolExecutor$Worker.run(ThreadPoolExecutor.java:659)
	at org.apache.tomcat.util.threads.TaskThread$WrappingRunnable.run(TaskThread.java:61)
	at java.base/java.lang.Thread.run(Thread.java:842)
2025-09-29 01:44:51 [http-nio-8080-exec-7] DEBUG o.s.w.s.m.m.a.HttpEntityMethodProcessor - Using 'application/json', given [*/*] and supported [application/json, application/*+json]
2025-09-29 01:44:51 [http-nio-8080-exec-7] DEBUG o.s.w.s.m.m.a.HttpEntityMethodProcessor - Writing [[RestaurantResponseDto(id=1, name=명동교자, address=서울특별시 중구 명동2가 25-2, category=KOREAN, categoryDisplay (truncated)...]
2025-09-29 01:44:51 [http-nio-8080-exec-8] DEBUG o.s.w.s.m.m.a.HttpEntityMethodProcessor - Using 'application/json;q=0.8', given [image/avif, image/webp, image/apng, image/svg+xml, image/*, */*;q=0.8] and supported [application/json, application/*+json]
2025-09-29 01:44:51 [http-nio-8080-exec-7] DEBUG o.s.web.servlet.DispatcherServlet - Completed 200 OK
2025-09-29 01:44:51 [http-nio-8080-exec-8] DEBUG o.s.w.s.m.m.a.HttpEntityMethodProcessor - Writing [ErrorResponse(code=C001, message=서버 내부 오류가 발생했습니다, status=500, timestamp=2025-09-29T01:44:51.9110622 (truncated)...]
2025-09-29 01:44:51 [http-nio-8080-exec-8] WARN  o.s.w.s.m.m.a.ExceptionHandlerExceptionResolver - Resolved [org.springframework.web.servlet.resource.NoResourceFoundException: No static resource favicon.ico.]
2025-09-29 01:44:51 [http-nio-8080-exec-8] DEBUG o.s.web.servlet.DispatcherServlet - Completed 500 INTERNAL_SERVER_ERROR
2025-11-19 16:51:16 [restartedMain] INFO  com.motmap.MotmapApplication - Starting MotmapApplication using Java 17.0.12 with PID 28188 (C:\Coding\MOTMAP\build\classes\java\main started by ASUS in C:\Coding\MOTMAP)
2025-11-19 16:51:16 [restartedMain] DEBUG com.motmap.MotmapApplication - Running with Spring Boot v3.2.0, Spring v6.1.1
2025-11-19 16:51:16 [restartedMain] INFO  com.motmap.MotmapApplication - No active profile set, falling back to 1 default profile: "default"
2025-11-19 16:51:16 [restartedMain] INFO  o.s.b.d.e.DevToolsPropertyDefaultsPostProcessor - Devtools property defaults active! Set 'spring.devtools.add-properties' to 'false' to disable
2025-11-19 16:51:16 [restartedMain] INFO  o.s.b.d.e.DevToolsPropertyDefaultsPostProcessor - For additional web related logging consider setting the 'logging.level.web' property to 'DEBUG'
2025-11-19 16:51:17 [restartedMain] INFO  o.s.d.r.c.RepositoryConfigurationDelegate - Bootstrapping Spring Data JPA repositories in DEFAULT mode.
2025-11-19 16:51:17 [restartedMain] INFO  o.s.d.r.c.RepositoryConfigurationDelegate - Finished Spring Data repository scanning in 65 ms. Found 1 JPA repository interface.
2025-11-19 16:51:18 [restartedMain] INFO  o.s.b.w.e.tomcat.TomcatWebServer - Tomcat initialized with port 8080 (http)
2025-11-19 16:51:18 [restartedMain] INFO  o.a.catalina.core.StandardService - Starting service [Tomcat]
2025-11-19 16:51:18 [restartedMain] INFO  o.a.catalina.core.StandardEngine - Starting Servlet engine: [Apache Tomcat/10.1.16]
2025-11-19 16:51:18 [restartedMain] INFO  o.a.c.c.C.[Tomcat].[localhost].[/] - Initializing Spring embedded WebApplicationContext
2025-11-19 16:51:18 [restartedMain] INFO  o.s.b.w.s.c.ServletWebServerApplicationContext - Root WebApplicationContext: initialization completed in 2150 ms
2025-11-19 16:51:18 [restartedMain] INFO  com.zaxxer.hikari.HikariDataSource - HikariPool-1 - Starting...
2025-11-19 16:51:19 [restartedMain] INFO  com.zaxxer.hikari.pool.HikariPool - HikariPool-1 - Added connection conn0: url=jdbc:h2:mem:motmap user=SA
2025-11-19 16:51:19 [restartedMain] INFO  com.zaxxer.hikari.HikariDataSource - HikariPool-1 - Start completed.
2025-11-19 16:51:19 [restartedMain] INFO  o.s.b.a.h.H2ConsoleAutoConfiguration - H2 console available at '/h2-console'. Database available at 'jdbc:h2:mem:motmap'
2025-11-19 16:51:19 [restartedMain] INFO  o.h.jpa.internal.util.LogHelper - HHH000204: Processing PersistenceUnitInfo [name: default]
2025-11-19 16:51:19 [restartedMain] INFO  org.hibernate.Version - HHH000412: Hibernate ORM core version 6.3.1.Final
2025-11-19 16:51:19 [restartedMain] INFO  o.h.c.i.RegionFactoryInitiator - HHH000026: Second-level cache disabled
2025-11-19 16:51:19 [restartedMain] INFO  o.s.o.j.p.SpringPersistenceUnitInfo - No LoadTimeWeaver setup: ignoring JPA class transformer
2025-11-19 16:51:19 [restartedMain] WARN  org.hibernate.orm.deprecation - HHH90000025: H2Dialect does not need to be specified explicitly using 'hibernate.dialect' (remove the property setting and it will be selected by default)
2025-11-19 16:51:20 [restartedMain] INFO  o.h.e.t.j.p.i.JtaPlatformInitiator - HHH000489: No JTA platform available (set 'hibernate.transaction.jta.platform' to enable JTA platform integration)
2025-11-19 16:51:20 [restartedMain] DEBUG org.hibernate.SQL - 
    drop table if exists restaurants cascade 
2025-11-19 16:51:20 [restartedMain] DEBUG org.hibernate.SQL - 
    create table restaurants (
        latitude float(53) not null,
        longitude float(53) not null,
        rating integer not null,
        created_at timestamp(6) not null,
        id bigint generated by default as identity,
        updated_at timestamp(6),
        name varchar(50) not null,
        address varchar(200) not null,
        review varchar(1000),
        category varchar(255) not null check (category in ('KOREAN','CHINESE','JAPANESE','WESTERN','CAFE','ETC')),
        primary key (id)
    )
2025-11-19 16:51:20 [restartedMain] DEBUG org.hibernate.SQL - 
    create index idx_restaurant_category 
       on restaurants (category)
2025-11-19 16:51:20 [restartedMain] DEBUG org.hibernate.SQL - 
    create index idx_restaurant_rating 
       on restaurants (rating)
2025-11-19 16:51:20 [restartedMain] DEBUG org.hibernate.SQL - 
    create index idx_restaurant_location 
       on restaurants (latitude, longitude)
2025-11-19 16:51:20 [restartedMain] DEBUG org.hibernate.SQL - 
    create index idx_restaurant_created_at 
       on restaurants (created_at)
2025-11-19 16:51:20 [restartedMain] INFO  o.s.o.j.LocalContainerEntityManagerFactoryBean - Initialized JPA EntityManagerFactory for persistence unit 'default'
2025-11-19 16:51:21 [restartedMain] INFO  o.s.d.j.r.query.QueryEnhancerFactory - Hibernate is in classpath; If applicable, HQL parser will be used.
2025-11-19 16:51:22 [restartedMain] WARN  o.s.b.a.o.j.JpaBaseConfiguration$JpaWebConfiguration - spring.jpa.open-in-view is enabled by default. Therefore, database queries may be performed during view rendering. Explicitly configure spring.jpa.open-in-view to disable this warning
2025-11-19 16:51:22 [restartedMain] INFO  o.s.b.a.w.s.WelcomePageHandlerMapping - Adding welcome page template: index
2025-11-19 16:51:22 [restartedMain] DEBUG o.s.w.s.m.m.a.RequestMappingHandlerMapping - 22 mappings in 'requestMappingHandlerMapping'
2025-11-19 16:51:22 [restartedMain] DEBUG o.s.w.s.h.SimpleUrlHandlerMapping - Patterns [/webjars/**, /**, /swagger-ui*/*swagger-initializer.js, /swagger-ui*/**] in 'resourceHandlerMapping'
2025-11-19 16:51:22 [restartedMain] DEBUG o.s.w.s.m.m.a.RequestMappingHandlerAdapter - ControllerAdvice beans: 0 @ModelAttribute, 0 @InitBinder, 1 RequestBodyAdvice, 1 ResponseBodyAdvice
2025-11-19 16:51:22 [restartedMain] DEBUG o.s.w.s.m.m.a.ExceptionHandlerExceptionResolver - ControllerAdvice beans: 2 @ExceptionHandler, 1 ResponseBodyAdvice
2025-11-19 16:51:22 [restartedMain] INFO  o.s.b.d.a.OptionalLiveReloadServer - LiveReload server is running on port 35729
2025-11-19 16:51:22 [restartedMain] INFO  o.s.b.w.e.tomcat.TomcatWebServer - Tomcat started on port 8080 (http) with context path ''
2025-11-19 16:51:22 [restartedMain] INFO  com.motmap.MotmapApplication - Started MotmapApplication in 6.906 seconds (process running for 7.835)
2025-11-19 16:51:22 [restartedMain] DEBUG org.hibernate.SQL - 
    select
        count(*) 
    from
        restaurants r1_0
2025-11-19 16:51:23 [restartedMain] INFO  com.motmap.config.DataInitializer - 초기 맛집 데이터 생성을 시작합니다.
2025-11-19 16:51:23 [restartedMain] DEBUG org.hibernate.SQL - 
    insert 
    into
        restaurants
        (address, category, created_at, latitude, longitude, name, rating, review, updated_at, id) 
    values
        (?, ?, ?, ?, ?, ?, ?, ?, ?, default)
2025-11-19 16:51:23 [restartedMain] DEBUG com.motmap.config.DataInitializer - 초기 맛집 데이터 저장: 명동교자
2025-11-19 16:51:23 [restartedMain] DEBUG org.hibernate.SQL - 
    insert 
    into
        restaurants
        (address, category, created_at, latitude, longitude, name, rating, review, updated_at, id) 
    values
        (?, ?, ?, ?, ?, ?, ?, ?, ?, default)
2025-11-19 16:51:23 [restartedMain] DEBUG com.motmap.config.DataInitializer - 초기 맛집 데이터 저장: 전주중앙회관
2025-11-19 16:51:23 [restartedMain] DEBUG org.hibernate.SQL - 
    insert 
    into
        restaurants
        (address, category, created_at, latitude, longitude, name, rating, review, updated_at, id) 
    values
        (?, ?, ?, ?, ?, ?, ?, ?, ?, default)
2025-11-19 16:51:23 [restartedMain] DEBUG com.motmap.config.DataInitializer - 초기 맛집 데이터 저장: 스타벅스 명동점
2025-11-19 16:51:23 [restartedMain] DEBUG org.hibernate.SQL - 
    insert 
    into
        restaurants
        (address, category, created_at, latitude, longitude, name, rating, review, updated_at, id) 
    values
        (?, ?, ?, ?, ?, ?, ?, ?, ?, default)
2025-11-19 16:51:23 [restartedMain] DEBUG com.motmap.config.DataInitializer - 초기 맛집 데이터 저장: 교동짬뽕
2025-11-19 16:51:23 [restartedMain] DEBUG org.hibernate.SQL - 
    insert 
    into
        restaurants
        (address, category, created_at, latitude, longitude, name, rating, review, updated_at, id) 
    values
        (?, ?, ?, ?, ?, ?, ?, ?, ?, default)
2025-11-19 16:51:23 [restartedMain] DEBUG com.motmap.config.DataInitializer - 초기 맛집 데이터 저장: 긴자료코
2025-11-19 16:51:23 [restartedMain] INFO  com.motmap.config.DataInitializer - ✅ 초기 맛집 데이터 5개가 성공적으로 생성되었습니다.
2025-11-19 16:51:26 [http-nio-8080-exec-2] INFO  o.a.c.c.C.[Tomcat].[localhost].[/] - Initializing Spring DispatcherServlet 'dispatcherServlet'
2025-11-19 16:51:26 [http-nio-8080-exec-2] INFO  o.s.web.servlet.DispatcherServlet - Initializing Servlet 'dispatcherServlet'
2025-11-19 16:51:26 [http-nio-8080-exec-2] DEBUG o.s.web.servlet.DispatcherServlet - Detected StandardServletMultipartResolver
2025-11-19 16:51:26 [http-nio-8080-exec-2] DEBUG o.s.web.servlet.DispatcherServlet - Detected AcceptHeaderLocaleResolver
2025-11-19 16:51:26 [http-nio-8080-exec-2] DEBUG o.s.web.servlet.DispatcherServlet - Detected FixedThemeResolver
2025-11-19 16:51:26 [http-nio-8080-exec-2] DEBUG o.s.web.servlet.DispatcherServlet - Detected org.springframework.web.servlet.view.DefaultRequestToViewNameTranslator@52464fe0
2025-11-19 16:51:26 [http-nio-8080-exec-2] DEBUG o.s.web.servlet.DispatcherServlet - Detected org.springframework.web.servlet.support.SessionFlashMapManager@2e6c18d3
2025-11-19 16:51:26 [http-nio-8080-exec-2] DEBUG o.s.web.servlet.DispatcherServlet - enableLoggingRequestDetails='false': request parameters and headers will be masked to prevent unsafe logging of potentially sensitive data
2025-11-19 16:51:26 [http-nio-8080-exec-2] INFO  o.s.web.servlet.DispatcherServlet - Completed initialization in 3 ms
2025-11-19 16:51:26 [http-nio-8080-exec-2] DEBUG o.s.web.servlet.DispatcherServlet - GET "/", parameters={}
2025-11-19 16:51:26 [http-nio-8080-exec-2] DEBUG o.s.w.s.m.m.a.RequestMappingHandlerMapping - Mapped to com.motmap.controller.ViewController#index()
2025-11-19 16:51:26 [http-nio-8080-exec-2] DEBUG o.s.w.s.v.ContentNegotiatingViewResolver - Selected 'text/html' given [text/html, application/xhtml+xml, image/avif, image/webp, image/apng, application/xml;q=0.9, */*;q=0.8, application/signed-exchange;v=b3;q=0.7]
2025-11-19 16:51:26 [http-nio-8080-exec-2] DEBUG o.s.web.servlet.DispatcherServlet - Completed 200 OK
2025-11-19 16:51:26 [http-nio-8080-exec-3] DEBUG o.s.web.servlet.DispatcherServlet - GET "/css/style.css", parameters={}
2025-11-19 16:51:26 [http-nio-8080-exec-4] DEBUG o.s.web.servlet.DispatcherServlet - GET "/js/restaurant.js", parameters={}
2025-11-19 16:51:26 [http-nio-8080-exec-6] DEBUG o.s.web.servlet.DispatcherServlet - GET "/js/map.js", parameters={}
2025-11-19 16:51:26 [http-nio-8080-exec-1] DEBUG o.s.web.servlet.DispatcherServlet - GET "/js/api.js", parameters={}
2025-11-19 16:51:26 [http-nio-8080-exec-7] DEBUG o.s.web.servlet.DispatcherServlet - GET "/js/main.js", parameters={}
2025-11-19 16:51:26 [http-nio-8080-exec-4] DEBUG o.s.w.s.h.SimpleUrlHandlerMapping - Mapped to ResourceHttpRequestHandler [classpath [META-INF/resources/], classpath [resources/], classpath [static/], classpath [public/], ServletContext [/]]
2025-11-19 16:51:26 [http-nio-8080-exec-6] DEBUG o.s.w.s.h.SimpleUrlHandlerMapping - Mapped to ResourceHttpRequestHandler [classpath [META-INF/resources/], classpath [resources/], classpath [static/], classpath [public/], ServletContext [/]]
2025-11-19 16:51:26 [http-nio-8080-exec-1] DEBUG o.s.w.s.h.SimpleUrlHandlerMapping - Mapped to ResourceHttpRequestHandler [classpath [META-INF/resources/], classpath [resources/], classpath [static/], classpath [public/], ServletContext [/]]
2025-11-19 16:51:26 [http-nio-8080-exec-3] DEBUG o.s.w.s.h.SimpleUrlHandlerMapping - Mapped to ResourceHttpRequestHandler [classpath [META-INF/resources/], classpath [resources/], classpath [static/], classpath [public/], ServletContext [/]]
2025-11-19 16:51:26 [http-nio-8080-exec-7] DEBUG o.s.w.s.h.SimpleUrlHandlerMapping - Mapped to ResourceHttpRequestHandler [classpath [META-INF/resources/], classpath [resources/], classpath [static/], classpath [public/], ServletContext [/]]
2025-11-19 16:51:26 [http-nio-8080-exec-6] DEBUG o.s.web.servlet.DispatcherServlet - Completed 200 OK
2025-11-19 16:51:26 [http-nio-8080-exec-3] DEBUG o.s.web.servlet.DispatcherServlet - Completed 200 OK
2025-11-19 16:51:26 [http-nio-8080-exec-7] DEBUG o.s.web.servlet.DispatcherServlet - Completed 200 OK
2025-11-19 16:51:26 [http-nio-8080-exec-4] DEBUG o.s.web.servlet.DispatcherServlet - Completed 200 OK
2025-11-19 16:51:26 [http-nio-8080-exec-1] DEBUG o.s.web.servlet.DispatcherServlet - Completed 200 OK
2025-11-19 16:51:27 [http-nio-8080-exec-5] DEBUG o.s.web.servlet.DispatcherServlet - GET "/api/restaurants", parameters={}
2025-11-19 16:51:27 [http-nio-8080-exec-5] DEBUG o.s.w.s.m.m.a.RequestMappingHandlerMapping - Mapped to com.motmap.controller.RestaurantController#getAllRestaurants()
2025-11-19 16:51:27 [http-nio-8080-exec-5] DEBUG c.motmap.service.RestaurantService - 전체 맛집 목록 조회 시작
2025-11-19 16:51:27 [http-nio-8080-exec-5] DEBUG org.hibernate.SQL - 
    select
        r1_0.id,
        r1_0.address,
        r1_0.category,
        r1_0.created_at,
        r1_0.latitude,
        r1_0.longitude,
        r1_0.name,
        r1_0.rating,
        r1_0.review,
        r1_0.updated_at 
    from
        restaurants r1_0
2025-11-19 16:51:27 [http-nio-8080-exec-8] DEBUG o.s.web.servlet.DispatcherServlet - GET "/favicon.ico", parameters={}
2025-11-19 16:51:27 [http-nio-8080-exec-8] DEBUG o.s.w.s.h.SimpleUrlHandlerMapping - Mapped to ResourceHttpRequestHandler [classpath [META-INF/resources/], classpath [resources/], classpath [static/], classpath [public/], ServletContext [/]]
2025-11-19 16:51:27 [http-nio-8080-exec-5] DEBUG c.motmap.service.RestaurantService - 전체 맛집 5개 조회 완료
2025-11-19 16:51:27 [http-nio-8080-exec-8] DEBUG o.s.w.s.r.ResourceHttpRequestHandler - Resource not found
2025-11-19 16:51:27 [http-nio-8080-exec-8] DEBUG o.s.w.s.m.m.a.ExceptionHandlerExceptionResolver - Using @ExceptionHandler com.motmap.exception.GlobalExceptionHandler#handleGenericException(Exception)
2025-11-19 16:51:27 [http-nio-8080-exec-8] ERROR c.m.exception.GlobalExceptionHandler - Unexpected error occurred
org.springframework.web.servlet.resource.NoResourceFoundException: No static resource favicon.ico.
	at org.springframework.web.servlet.resource.ResourceHttpRequestHandler.handleRequest(ResourceHttpRequestHandler.java:585)
	at org.springframework.web.servlet.mvc.HttpRequestHandlerAdapter.handle(HttpRequestHandlerAdapter.java:52)
	at org.springframework.web.servlet.DispatcherServlet.doDispatch(DispatcherServlet.java:1089)
	at org.springframework.web.servlet.DispatcherServlet.doService(DispatcherServlet.java:979)
	at org.springframework.web.servlet.FrameworkServlet.processRequest(FrameworkServlet.java:1014)
	at org.springframework.web.servlet.FrameworkServlet.doGet(FrameworkServlet.java:903)
	at jakarta.servlet.http.HttpServlet.service(HttpServlet.java:564)
	at org.springframework.web.servlet.FrameworkServlet.service(FrameworkServlet.java:885)
	at jakarta.servlet.http.HttpServlet.service(HttpServlet.java:658)
	at org.apache.catalina.core.ApplicationFilterChain.internalDoFilter(ApplicationFilterChain.java:205)
	at org.apache.catalina.core.ApplicationFilterChain.doFilter(ApplicationFilterChain.java:149)
	at org.apache.tomcat.websocket.server.WsFilter.doFilter(WsFilter.java:51)
	at org.apache.catalina.core.ApplicationFilterChain.internalDoFilter(ApplicationFilterChain.java:174)
	at org.apache.catalina.core.ApplicationFilterChain.doFilter(ApplicationFilterChain.java:149)
	at org.springframework.web.filter.RequestContextFilter.doFilterInternal(RequestContextFilter.java:100)
	at org.springframework.web.filter.OncePerRequestFilter.doFilter(OncePerRequestFilter.java:116)
	at org.apache.catalina.core.ApplicationFilterChain.internalDoFilter(ApplicationFilterChain.java:174)
	at org.apache.catalina.core.ApplicationFilterChain.doFilter(ApplicationFilterChain.java:149)
	at org.springframework.web.filter.FormContentFilter.doFilterInternal(FormContentFilter.java:93)
	at org.springframework.web.filter.OncePerRequestFilter.doFilter(OncePerRequestFilter.java:116)
	at org.apache.catalina.core.ApplicationFilterChain.internalDoFilter(ApplicationFilterChain.java:174)
	at org.apache.catalina.core.ApplicationFilterChain.doFilter(ApplicationFilterChain.java:149)
	at org.springframework.web.filter.CharacterEncodingFilter.doFilterInternal(CharacterEncodingFilter.java:201)
	at org.springframework.web.filter.OncePerRequestFilter.doFilter(OncePerRequestFilter.java:116)
	at org.apache.catalina.core.ApplicationFilterChain.internalDoFilter(ApplicationFilterChain.java:174)
	at org.apache.catalina.core.ApplicationFilterChain.doFilter(ApplicationFilterChain.java:149)
	at org.apache.catalina.core.StandardWrapperValve.invoke(StandardWrapperValve.java:167)
	at org.apache.catalina.core.StandardContextValve.invoke(StandardContextValve.java:90)
	at org.apache.catalina.authenticator.AuthenticatorBase.invoke(AuthenticatorBase.java:482)
	at org.apache.catalina.core.StandardHostValve.invoke(StandardHostValve.java:115)
	at org.apache.catalina.valves.ErrorReportValve.invoke(ErrorReportValve.java:93)
	at org.apache.catalina.core.StandardEngineValve.invoke(StandardEngineValve.java:74)
	at org.apache.catalina.connector.CoyoteAdapter.service(CoyoteAdapter.java:340)
	at org.apache.coyote.http11.Http11Processor.service(Http11Processor.java:391)
	at org.apache.coyote.AbstractProcessorLight.process(AbstractProcessorLight.java:63)
	at org.apache.coyote.AbstractProtocol$ConnectionHandler.process(AbstractProtocol.java:896)
	at org.apache.tomcat.util.net.NioEndpoint$SocketProcessor.doRun(NioEndpoint.java:1744)
	at org.apache.tomcat.util.net.SocketProcessorBase.run(SocketProcessorBase.java:52)
	at org.apache.tomcat.util.threads.ThreadPoolExecutor.runWorker(ThreadPoolExecutor.java:1191)
	at org.apache.tomcat.util.threads.ThreadPoolExecutor$Worker.run(ThreadPoolExecutor.java:659)
	at org.apache.tomcat.util.threads.TaskThread$WrappingRunnable.run(TaskThread.java:61)
	at java.base/java.lang.Thread.run(Thread.java:842)
2025-11-19 16:51:27 [http-nio-8080-exec-5] DEBUG o.s.w.s.m.m.a.HttpEntityMethodProcessor - Using 'application/json', given [*/*] and supported [application/json, application/*+json]
2025-11-19 16:51:27 [http-nio-8080-exec-5] DEBUG o.s.w.s.m.m.a.HttpEntityMethodProcessor - Writing [[RestaurantResponseDto(id=1, name=명동교자, address=서울특별시 중구 명동2가 25-2, category=KOREAN, categoryDisplay (truncated)...]
2025-11-19 16:51:27 [http-nio-8080-exec-8] DEBUG o.s.w.s.m.m.a.HttpEntityMethodProcessor - Using 'application/json;q=0.8', given [image/avif, image/webp, image/apng, image/svg+xml, image/*, */*;q=0.8] and supported [application/json, application/*+json]
2025-11-19 16:51:27 [http-nio-8080-exec-5] DEBUG o.s.web.servlet.DispatcherServlet - Completed 200 OK
2025-11-19 16:51:27 [http-nio-8080-exec-8] DEBUG o.s.w.s.m.m.a.HttpEntityMethodProcessor - Writing [ErrorResponse(code=C001, message=서버 내부 오류가 발생했습니다, status=500, timestamp=2025-11-19T16:51:27.1164965 (truncated)...]
2025-11-19 16:51:27 [http-nio-8080-exec-8] WARN  o.s.w.s.m.m.a.ExceptionHandlerExceptionResolver - Resolved [org.springframework.web.servlet.resource.NoResourceFoundException: No static resource favicon.ico.]
2025-11-19 16:51:27 [http-nio-8080-exec-8] DEBUG o.s.web.servlet.DispatcherServlet - Completed 500 INTERNAL_SERVER_ERROR
2025-11-19 16:51:36 [SpringApplicationShutdownHook] INFO  o.s.o.j.LocalContainerEntityManagerFactoryBean - Closing JPA EntityManagerFactory for persistence unit 'default'
2025-11-19 16:51:36 [SpringApplicationShutdownHook] DEBUG org.hibernate.SQL - 
    drop table if exists restaurants cascade 
2025-11-19 16:51:36 [SpringApplicationShutdownHook] WARN  o.s.b.f.s.DisposableBeanAdapter - Invocation of destroy method failed on bean with name 'inMemoryDatabaseShutdownExecutor': org.h2.jdbc.JdbcSQLNonTransientConnectionException: Database is already closed (to disable automatic closing at VM shutdown, add ";DB_CLOSE_ON_EXIT=FALSE" to the db URL) [90121-224]
2025-11-19 16:51:36 [SpringApplicationShutdownHook] INFO  com.zaxxer.hikari.HikariDataSource - HikariPool-1 - Shutdown initiated...
2025-11-19 16:51:36 [SpringApplicationShutdownHook] INFO  com.zaxxer.hikari.HikariDataSource - HikariPool-1 - Shutdown completed.
2025-11-19 16:51:52 [restartedMain] INFO  com.motmap.MotmapApplication - Starting MotmapApplication using Java 17.0.12 with PID 12348 (C:\Coding\MOTMAP\build\classes\java\main started by ASUS in C:\Coding\MOTMAP)
2025-11-19 16:51:52 [restartedMain] DEBUG com.motmap.MotmapApplication - Running with Spring Boot v3.2.0, Spring v6.1.1
2025-11-19 16:51:52 [restartedMain] INFO  com.motmap.MotmapApplication - No active profile set, falling back to 1 default profile: "default"
2025-11-19 16:51:52 [restartedMain] INFO  o.s.b.d.e.DevToolsPropertyDefaultsPostProcessor - Devtools property defaults active! Set 'spring.devtools.add-properties' to 'false' to disable
2025-11-19 16:51:52 [restartedMain] INFO  o.s.b.d.e.DevToolsPropertyDefaultsPostProcessor - For additional web related logging consider setting the 'logging.level.web' property to 'DEBUG'
2025-11-19 16:51:53 [restartedMain] INFO  o.s.d.r.c.RepositoryConfigurationDelegate - Bootstrapping Spring Data JPA repositories in DEFAULT mode.
2025-11-19 16:51:53 [restartedMain] INFO  o.s.d.r.c.RepositoryConfigurationDelegate - Finished Spring Data repository scanning in 54 ms. Found 1 JPA repository interface.
2025-11-19 16:51:54 [restartedMain] INFO  o.s.b.w.e.tomcat.TomcatWebServer - Tomcat initialized with port 8080 (http)
2025-11-19 16:51:54 [restartedMain] INFO  o.a.catalina.core.StandardService - Starting service [Tomcat]
2025-11-19 16:51:54 [restartedMain] INFO  o.a.catalina.core.StandardEngine - Starting Servlet engine: [Apache Tomcat/10.1.16]
2025-11-19 16:51:54 [restartedMain] INFO  o.a.c.c.C.[Tomcat].[localhost].[/] - Initializing Spring embedded WebApplicationContext
2025-11-19 16:51:54 [restartedMain] INFO  o.s.b.w.s.c.ServletWebServerApplicationContext - Root WebApplicationContext: initialization completed in 2152 ms
2025-11-19 16:51:54 [restartedMain] INFO  com.zaxxer.hikari.HikariDataSource - HikariPool-1 - Starting...
2025-11-19 16:51:54 [restartedMain] INFO  com.zaxxer.hikari.pool.HikariPool - HikariPool-1 - Added connection conn0: url=jdbc:h2:mem:motmap user=SA
2025-11-19 16:51:54 [restartedMain] INFO  com.zaxxer.hikari.HikariDataSource - HikariPool-1 - Start completed.
2025-11-19 16:51:54 [restartedMain] INFO  o.s.b.a.h.H2ConsoleAutoConfiguration - H2 console available at '/h2-console'. Database available at 'jdbc:h2:mem:motmap'
2025-11-19 16:51:54 [restartedMain] INFO  o.h.jpa.internal.util.LogHelper - HHH000204: Processing PersistenceUnitInfo [name: default]
2025-11-19 16:51:54 [restartedMain] INFO  org.hibernate.Version - HHH000412: Hibernate ORM core version 6.3.1.Final
2025-11-19 16:51:55 [restartedMain] INFO  o.h.c.i.RegionFactoryInitiator - HHH000026: Second-level cache disabled
2025-11-19 16:51:55 [restartedMain] INFO  o.s.o.j.p.SpringPersistenceUnitInfo - No LoadTimeWeaver setup: ignoring JPA class transformer
2025-11-19 16:51:55 [restartedMain] WARN  org.hibernate.orm.deprecation - HHH90000025: H2Dialect does not need to be specified explicitly using 'hibernate.dialect' (remove the property setting and it will be selected by default)
2025-11-19 16:51:56 [restartedMain] INFO  o.h.e.t.j.p.i.JtaPlatformInitiator - HHH000489: No JTA platform available (set 'hibernate.transaction.jta.platform' to enable JTA platform integration)
2025-11-19 16:51:56 [restartedMain] DEBUG org.hibernate.SQL - 
    drop table if exists restaurants cascade 
2025-11-19 16:51:56 [restartedMain] DEBUG org.hibernate.SQL - 
    create table restaurants (
        latitude float(53) not null,
        longitude float(53) not null,
        rating integer not null,
        created_at timestamp(6) not null,
        id bigint generated by default as identity,
        updated_at timestamp(6),
        name varchar(50) not null,
        address varchar(200) not null,
        review varchar(1000),
        category varchar(255) not null check (category in ('KOREAN','CHINESE','JAPANESE','WESTERN','CAFE','ETC')),
        primary key (id)
    )
2025-11-19 16:51:56 [restartedMain] DEBUG org.hibernate.SQL - 
    create index idx_restaurant_category 
       on restaurants (category)
2025-11-19 16:51:56 [restartedMain] DEBUG org.hibernate.SQL - 
    create index idx_restaurant_rating 
       on restaurants (rating)
2025-11-19 16:51:56 [restartedMain] DEBUG org.hibernate.SQL - 
    create index idx_restaurant_location 
       on restaurants (latitude, longitude)
2025-11-19 16:51:56 [restartedMain] DEBUG org.hibernate.SQL - 
    create index idx_restaurant_created_at 
       on restaurants (created_at)
2025-11-19 16:51:56 [restartedMain] INFO  o.s.o.j.LocalContainerEntityManagerFactoryBean - Initialized JPA EntityManagerFactory for persistence unit 'default'
2025-11-19 16:51:56 [restartedMain] INFO  o.s.d.j.r.query.QueryEnhancerFactory - Hibernate is in classpath; If applicable, HQL parser will be used.
2025-11-19 16:51:57 [restartedMain] WARN  o.s.b.a.o.j.JpaBaseConfiguration$JpaWebConfiguration - spring.jpa.open-in-view is enabled by default. Therefore, database queries may be performed during view rendering. Explicitly configure spring.jpa.open-in-view to disable this warning
2025-11-19 16:51:57 [restartedMain] INFO  o.s.b.a.w.s.WelcomePageHandlerMapping - Adding welcome page template: index
2025-11-19 16:51:57 [restartedMain] DEBUG o.s.w.s.m.m.a.RequestMappingHandlerMapping - 22 mappings in 'requestMappingHandlerMapping'
2025-11-19 16:51:57 [restartedMain] DEBUG o.s.w.s.h.SimpleUrlHandlerMapping - Patterns [/webjars/**, /**, /swagger-ui*/*swagger-initializer.js, /swagger-ui*/**] in 'resourceHandlerMapping'
2025-11-19 16:51:57 [restartedMain] DEBUG o.s.w.s.m.m.a.RequestMappingHandlerAdapter - ControllerAdvice beans: 0 @ModelAttribute, 0 @InitBinder, 1 RequestBodyAdvice, 1 ResponseBodyAdvice
2025-11-19 16:51:57 [restartedMain] DEBUG o.s.w.s.m.m.a.ExceptionHandlerExceptionResolver - ControllerAdvice beans: 2 @ExceptionHandler, 1 ResponseBodyAdvice
2025-11-19 16:51:58 [restartedMain] INFO  o.s.b.d.a.OptionalLiveReloadServer - LiveReload server is running on port 35729
2025-11-19 16:51:58 [restartedMain] INFO  o.s.b.w.e.tomcat.TomcatWebServer - Tomcat started on port 8080 (http) with context path ''
2025-11-19 16:51:58 [restartedMain] INFO  com.motmap.MotmapApplication - Started MotmapApplication in 6.92 seconds (process running for 7.686)
2025-11-19 16:51:58 [restartedMain] DEBUG org.hibernate.SQL - 
    select
        count(*) 
    from
        restaurants r1_0
2025-11-19 16:51:58 [restartedMain] INFO  com.motmap.config.DataInitializer - 초기 맛집 데이터 생성을 시작합니다.
2025-11-19 16:51:58 [restartedMain] DEBUG org.hibernate.SQL - 
    insert 
    into
        restaurants
        (address, category, created_at, latitude, longitude, name, rating, review, updated_at, id) 
    values
        (?, ?, ?, ?, ?, ?, ?, ?, ?, default)
2025-11-19 16:51:58 [restartedMain] DEBUG com.motmap.config.DataInitializer - 초기 맛집 데이터 저장: 명동교자
2025-11-19 16:51:58 [restartedMain] DEBUG org.hibernate.SQL - 
    insert 
    into
        restaurants
        (address, category, created_at, latitude, longitude, name, rating, review, updated_at, id) 
    values
        (?, ?, ?, ?, ?, ?, ?, ?, ?, default)
2025-11-19 16:51:58 [restartedMain] DEBUG com.motmap.config.DataInitializer - 초기 맛집 데이터 저장: 전주중앙회관
2025-11-19 16:51:58 [restartedMain] DEBUG org.hibernate.SQL - 
    insert 
    into
        restaurants
        (address, category, created_at, latitude, longitude, name, rating, review, updated_at, id) 
    values
        (?, ?, ?, ?, ?, ?, ?, ?, ?, default)
2025-11-19 16:51:58 [restartedMain] DEBUG com.motmap.config.DataInitializer - 초기 맛집 데이터 저장: 스타벅스 명동점
2025-11-19 16:51:58 [restartedMain] DEBUG org.hibernate.SQL - 
    insert 
    into
        restaurants
        (address, category, created_at, latitude, longitude, name, rating, review, updated_at, id) 
    values
        (?, ?, ?, ?, ?, ?, ?, ?, ?, default)
2025-11-19 16:51:58 [restartedMain] DEBUG com.motmap.config.DataInitializer - 초기 맛집 데이터 저장: 교동짬뽕
2025-11-19 16:51:58 [restartedMain] DEBUG org.hibernate.SQL - 
    insert 
    into
        restaurants
        (address, category, created_at, latitude, longitude, name, rating, review, updated_at, id) 
    values
        (?, ?, ?, ?, ?, ?, ?, ?, ?, default)
2025-11-19 16:51:58 [restartedMain] DEBUG com.motmap.config.DataInitializer - 초기 맛집 데이터 저장: 긴자료코
2025-11-19 16:51:58 [restartedMain] INFO  com.motmap.config.DataInitializer - ✅ 초기 맛집 데이터 5개가 성공적으로 생성되었습니다.
2025-11-19 16:51:59 [http-nio-8080-exec-1] INFO  o.a.c.c.C.[Tomcat].[localhost].[/] - Initializing Spring DispatcherServlet 'dispatcherServlet'
2025-11-19 16:51:59 [http-nio-8080-exec-1] INFO  o.s.web.servlet.DispatcherServlet - Initializing Servlet 'dispatcherServlet'
2025-11-19 16:51:59 [http-nio-8080-exec-1] DEBUG o.s.web.servlet.DispatcherServlet - Detected StandardServletMultipartResolver
2025-11-19 16:51:59 [http-nio-8080-exec-1] DEBUG o.s.web.servlet.DispatcherServlet - Detected AcceptHeaderLocaleResolver
2025-11-19 16:51:59 [http-nio-8080-exec-1] DEBUG o.s.web.servlet.DispatcherServlet - Detected FixedThemeResolver
2025-11-19 16:51:59 [http-nio-8080-exec-1] DEBUG o.s.web.servlet.DispatcherServlet - Detected org.springframework.web.servlet.view.DefaultRequestToViewNameTranslator@2558290a
2025-11-19 16:51:59 [http-nio-8080-exec-1] DEBUG o.s.web.servlet.DispatcherServlet - Detected org.springframework.web.servlet.support.SessionFlashMapManager@25d443fd
2025-11-19 16:51:59 [http-nio-8080-exec-1] DEBUG o.s.web.servlet.DispatcherServlet - enableLoggingRequestDetails='false': request parameters and headers will be masked to prevent unsafe logging of potentially sensitive data
2025-11-19 16:51:59 [http-nio-8080-exec-1] INFO  o.s.web.servlet.DispatcherServlet - Completed initialization in 1 ms
2025-11-19 16:51:59 [http-nio-8080-exec-1] DEBUG o.s.web.servlet.DispatcherServlet - GET "/", parameters={}
2025-11-19 16:51:59 [http-nio-8080-exec-1] DEBUG o.s.w.s.m.m.a.RequestMappingHandlerMapping - Mapped to com.motmap.controller.ViewController#index()
2025-11-19 16:51:59 [http-nio-8080-exec-1] DEBUG o.s.w.s.v.ContentNegotiatingViewResolver - Selected 'text/html' given [text/html, application/xhtml+xml, image/avif, image/webp, image/apng, application/xml;q=0.9, */*;q=0.8, application/signed-exchange;v=b3;q=0.7]
2025-11-19 16:52:00 [http-nio-8080-exec-1] DEBUG o.s.web.servlet.DispatcherServlet - Completed 200 OK
2025-11-19 16:52:00 [http-nio-8080-exec-2] DEBUG o.s.web.servlet.DispatcherServlet - GET "/css/style.css", parameters={}
2025-11-19 16:52:00 [http-nio-8080-exec-3] DEBUG o.s.web.servlet.DispatcherServlet - GET "/js/api.js", parameters={}
2025-11-19 16:52:00 [http-nio-8080-exec-4] DEBUG o.s.web.servlet.DispatcherServlet - GET "/js/map.js", parameters={}
2025-11-19 16:52:00 [http-nio-8080-exec-2] DEBUG o.s.w.s.h.SimpleUrlHandlerMapping - Mapped to ResourceHttpRequestHandler [classpath [META-INF/resources/], classpath [resources/], classpath [static/], classpath [public/], ServletContext [/]]
2025-11-19 16:52:00 [http-nio-8080-exec-4] DEBUG o.s.w.s.h.SimpleUrlHandlerMapping - Mapped to ResourceHttpRequestHandler [classpath [META-INF/resources/], classpath [resources/], classpath [static/], classpath [public/], ServletContext [/]]
2025-11-19 16:52:00 [http-nio-8080-exec-3] DEBUG o.s.w.s.h.SimpleUrlHandlerMapping - Mapped to ResourceHttpRequestHandler [classpath [META-INF/resources/], classpath [resources/], classpath [static/], classpath [public/], ServletContext [/]]
2025-11-19 16:52:00 [http-nio-8080-exec-6] DEBUG o.s.web.servlet.DispatcherServlet - GET "/js/main.js", parameters={}
2025-11-19 16:52:00 [http-nio-8080-exec-5] DEBUG o.s.web.servlet.DispatcherServlet - GET "/js/restaurant.js", parameters={}
2025-11-19 16:52:00 [http-nio-8080-exec-6] DEBUG o.s.w.s.h.SimpleUrlHandlerMapping - Mapped to ResourceHttpRequestHandler [classpath [META-INF/resources/], classpath [resources/], classpath [static/], classpath [public/], ServletContext [/]]
2025-11-19 16:52:00 [http-nio-8080-exec-5] DEBUG o.s.w.s.h.SimpleUrlHandlerMapping - Mapped to ResourceHttpRequestHandler [classpath [META-INF/resources/], classpath [resources/], classpath [static/], classpath [public/], ServletContext [/]]
2025-11-19 16:52:00 [http-nio-8080-exec-5] DEBUG o.s.web.servlet.DispatcherServlet - Completed 200 OK
2025-11-19 16:52:00 [http-nio-8080-exec-4] DEBUG o.s.web.servlet.DispatcherServlet - Completed 200 OK
2025-11-19 16:52:00 [http-nio-8080-exec-2] DEBUG o.s.web.servlet.DispatcherServlet - Completed 200 OK
2025-11-19 16:52:00 [http-nio-8080-exec-3] DEBUG o.s.web.servlet.DispatcherServlet - Completed 200 OK
2025-11-19 16:52:00 [http-nio-8080-exec-6] DEBUG o.s.web.servlet.DispatcherServlet - Completed 200 OK
2025-11-19 16:52:00 [http-nio-8080-exec-7] DEBUG o.s.web.servlet.DispatcherServlet - GET "/api/restaurants", parameters={}
2025-11-19 16:52:00 [http-nio-8080-exec-7] DEBUG o.s.w.s.m.m.a.RequestMappingHandlerMapping - Mapped to com.motmap.controller.RestaurantController#getAllRestaurants()
2025-11-19 16:52:00 [http-nio-8080-exec-7] DEBUG c.motmap.service.RestaurantService - 전체 맛집 목록 조회 시작
2025-11-19 16:52:00 [http-nio-8080-exec-8] DEBUG o.s.web.servlet.DispatcherServlet - GET "/favicon.ico", parameters={}
2025-11-19 16:52:00 [http-nio-8080-exec-8] DEBUG o.s.w.s.h.SimpleUrlHandlerMapping - Mapped to ResourceHttpRequestHandler [classpath [META-INF/resources/], classpath [resources/], classpath [static/], classpath [public/], ServletContext [/]]
2025-11-19 16:52:00 [http-nio-8080-exec-8] DEBUG o.s.w.s.r.ResourceHttpRequestHandler - Resource not found
2025-11-19 16:52:00 [http-nio-8080-exec-8] DEBUG o.s.w.s.m.m.a.ExceptionHandlerExceptionResolver - Using @ExceptionHandler com.motmap.exception.GlobalExceptionHandler#handleGenericException(Exception)
2025-11-19 16:52:00 [http-nio-8080-exec-7] DEBUG org.hibernate.SQL - 
    select
        r1_0.id,
        r1_0.address,
        r1_0.category,
        r1_0.created_at,
        r1_0.latitude,
        r1_0.longitude,
        r1_0.name,
        r1_0.rating,
        r1_0.review,
        r1_0.updated_at 
    from
        restaurants r1_0
2025-11-19 16:52:00 [http-nio-8080-exec-8] ERROR c.m.exception.GlobalExceptionHandler - Unexpected error occurred
org.springframework.web.servlet.resource.NoResourceFoundException: No static resource favicon.ico.
	at org.springframework.web.servlet.resource.ResourceHttpRequestHandler.handleRequest(ResourceHttpRequestHandler.java:585)
	at org.springframework.web.servlet.mvc.HttpRequestHandlerAdapter.handle(HttpRequestHandlerAdapter.java:52)
	at org.springframework.web.servlet.DispatcherServlet.doDispatch(DispatcherServlet.java:1089)
	at org.springframework.web.servlet.DispatcherServlet.doService(DispatcherServlet.java:979)
	at org.springframework.web.servlet.FrameworkServlet.processRequest(FrameworkServlet.java:1014)
	at org.springframework.web.servlet.FrameworkServlet.doGet(FrameworkServlet.java:903)
	at jakarta.servlet.http.HttpServlet.service(HttpServlet.java:564)
	at org.springframework.web.servlet.FrameworkServlet.service(FrameworkServlet.java:885)
	at jakarta.servlet.http.HttpServlet.service(HttpServlet.java:658)
	at org.apache.catalina.core.ApplicationFilterChain.internalDoFilter(ApplicationFilterChain.java:205)
	at org.apache.catalina.core.ApplicationFilterChain.doFilter(ApplicationFilterChain.java:149)
	at org.apache.tomcat.websocket.server.WsFilter.doFilter(WsFilter.java:51)
	at org.apache.catalina.core.ApplicationFilterChain.internalDoFilter(ApplicationFilterChain.java:174)
	at org.apache.catalina.core.ApplicationFilterChain.doFilter(ApplicationFilterChain.java:149)
	at org.springframework.web.filter.RequestContextFilter.doFilterInternal(RequestContextFilter.java:100)
	at org.springframework.web.filter.OncePerRequestFilter.doFilter(OncePerRequestFilter.java:116)
	at org.apache.catalina.core.ApplicationFilterChain.internalDoFilter(ApplicationFilterChain.java:174)
	at org.apache.catalina.core.ApplicationFilterChain.doFilter(ApplicationFilterChain.java:149)
	at org.springframework.web.filter.FormContentFilter.doFilterInternal(FormContentFilter.java:93)
	at org.springframework.web.filter.OncePerRequestFilter.doFilter(OncePerRequestFilter.java:116)
	at org.apache.catalina.core.ApplicationFilterChain.internalDoFilter(ApplicationFilterChain.java:174)
	at org.apache.catalina.core.ApplicationFilterChain.doFilter(ApplicationFilterChain.java:149)
	at org.springframework.web.filter.CharacterEncodingFilter.doFilterInternal(CharacterEncodingFilter.java:201)
	at org.springframework.web.filter.OncePerRequestFilter.doFilter(OncePerRequestFilter.java:116)
	at org.apache.catalina.core.ApplicationFilterChain.internalDoFilter(ApplicationFilterChain.java:174)
	at org.apache.catalina.core.ApplicationFilterChain.doFilter(ApplicationFilterChain.java:149)
	at org.apache.catalina.core.StandardWrapperValve.invoke(StandardWrapperValve.java:167)
	at org.apache.catalina.core.StandardContextValve.invoke(StandardContextValve.java:90)
	at org.apache.catalina.authenticator.AuthenticatorBase.invoke(AuthenticatorBase.java:482)
	at org.apache.catalina.core.StandardHostValve.invoke(StandardHostValve.java:115)
	at org.apache.catalina.valves.ErrorReportValve.invoke(ErrorReportValve.java:93)
	at org.apache.catalina.core.StandardEngineValve.invoke(StandardEngineValve.java:74)
	at org.apache.catalina.connector.CoyoteAdapter.service(CoyoteAdapter.java:340)
	at org.apache.coyote.http11.Http11Processor.service(Http11Processor.java:391)
	at org.apache.coyote.AbstractProcessorLight.process(AbstractProcessorLight.java:63)
	at org.apache.coyote.AbstractProtocol$ConnectionHandler.process(AbstractProtocol.java:896)
	at org.apache.tomcat.util.net.NioEndpoint$SocketProcessor.doRun(NioEndpoint.java:1744)
	at org.apache.tomcat.util.net.SocketProcessorBase.run(SocketProcessorBase.java:52)
	at org.apache.tomcat.util.threads.ThreadPoolExecutor.runWorker(ThreadPoolExecutor.java:1191)
	at org.apache.tomcat.util.threads.ThreadPoolExecutor$Worker.run(ThreadPoolExecutor.java:659)
	at org.apache.tomcat.util.threads.TaskThread$WrappingRunnable.run(TaskThread.java:61)
	at java.base/java.lang.Thread.run(Thread.java:842)
2025-11-19 16:52:00 [http-nio-8080-exec-7] DEBUG c.motmap.service.RestaurantService - 전체 맛집 5개 조회 완료
2025-11-19 16:52:00 [http-nio-8080-exec-7] DEBUG o.s.w.s.m.m.a.HttpEntityMethodProcessor - Using 'application/json', given [*/*] and supported [application/json, application/*+json]
2025-11-19 16:52:00 [http-nio-8080-exec-7] DEBUG o.s.w.s.m.m.a.HttpEntityMethodProcessor - Writing [[RestaurantResponseDto(id=1, name=명동교자, address=서울특별시 중구 명동2가 25-2, category=KOREAN, categoryDisplay (truncated)...]
2025-11-19 16:52:00 [http-nio-8080-exec-8] DEBUG o.s.w.s.m.m.a.HttpEntityMethodProcessor - Using 'application/json;q=0.8', given [image/avif, image/webp, image/apng, image/svg+xml, image/*, */*;q=0.8] and supported [application/json, application/*+json]
2025-11-19 16:52:00 [http-nio-8080-exec-7] DEBUG o.s.web.servlet.DispatcherServlet - Completed 200 OK
2025-11-19 16:52:00 [http-nio-8080-exec-8] DEBUG o.s.w.s.m.m.a.HttpEntityMethodProcessor - Writing [ErrorResponse(code=C001, message=서버 내부 오류가 발생했습니다, status=500, timestamp=2025-11-19T16:52:00.4060067 (truncated)...]
2025-11-19 16:52:00 [http-nio-8080-exec-8] WARN  o.s.w.s.m.m.a.ExceptionHandlerExceptionResolver - Resolved [org.springframework.web.servlet.resource.NoResourceFoundException: No static resource favicon.ico.]
2025-11-19 16:52:00 [http-nio-8080-exec-8] DEBUG o.s.web.servlet.DispatcherServlet - Completed 500 INTERNAL_SERVER_ERROR
2025-11-19 16:54:41 [SpringApplicationShutdownHook] INFO  o.s.o.j.LocalContainerEntityManagerFactoryBean - Closing JPA EntityManagerFactory for persistence unit 'default'
2025-11-19 16:54:41 [SpringApplicationShutdownHook] DEBUG org.hibernate.SQL - 
    drop table if exists restaurants cascade 
2025-11-19 16:54:41 [SpringApplicationShutdownHook] WARN  o.s.b.f.s.DisposableBeanAdapter - Invocation of destroy method failed on bean with name 'inMemoryDatabaseShutdownExecutor': org.h2.jdbc.JdbcSQLNonTransientConnectionException: Database is already closed (to disable automatic closing at VM shutdown, add ";DB_CLOSE_ON_EXIT=FALSE" to the db URL) [90121-224]
2025-11-19 16:54:41 [SpringApplicationShutdownHook] INFO  com.zaxxer.hikari.HikariDataSource - HikariPool-1 - Shutdown initiated...
2025-11-19 16:54:41 [SpringApplicationShutdownHook] INFO  com.zaxxer.hikari.HikariDataSource - HikariPool-1 - Shutdown completed.
